:020000040800F2
:1050000000000120FD5D0108D15A0108DD5A0108A8
:10501000E35A0108E95A0108EF5A010800000000AC
:10502000000000000000000000000000F55A010828
:10503000015B0108000000000D5B0108195B01081D
:10504000455E0108455E0108455E0108455E0108B0
:10505000455E0108455E0108455E0108455E0108A0
:10506000455E0108455E0108455E0108855B010853
:10507000455E0108455E0108455E0108455E010880
:10508000455E0108455E0108715B0108455E010847
:10509000455E0108455E0108455E0108255B010883
:1050A000455E0108455E0108455E0108455E010850
:1050B000455E0108355B0108455E0108455E010853
:1050C000455E0108455E0108455E0108455E010830
:1050D000455E0108495B0108455E0108455E01081F
:1050E000455E0108455E0108455E0108455E010810
:1050F000455E0108455E0108455E0108455E010800
:10510000455E0108455E0108455E0108455E0108EF
:10511000455E01085D5B0108455E0108455E0108CA
:10512000455E0108455E0108455E0108455E0108CF
:10513000000000000000000000000000000000006F
:10514000000000000000000000000000000000005F
:10515000000000000000000000000000000000004F
:10516000000000000000000000000000000000003F
:10517000000000000000000000000000000000002F
:10518000000000000000000000000000000000001F
:10519000000000000000000000000000000000000F
:1051A00000000000000000000000000000000000FF
:1051B00000000000000000000000000000000000EF
:1051C00000000000000000000000000000000000DF
:1051D00000000000000000000000000000000000CF
:0451E0005FF8E0F1A3
:1051E80010B5054C237833B9044B13B10448AFF319
:1051F80000800123237010BDD004002000000000AF
:105208001C82010808B5034B1BB103490348AFF3DF
:10521800008008BD00000000D40400201C820108A2
:10522800034613F8012B002AFBD1181A01387047DE
:1052380081F0004102E000BF83F0004330B54FEA3F
:1052480041044FEA430594EA050F08BF90EA020FAC
:105258001FBF54EA000C55EA020C7FEA645C7FEA3F
:10526800655C00F0E2804FEA5454D4EB5555B8BF62
:105278006D420CDD2C4480EA020281EA030382EAD3
:10528800000083EA010180EA020281EA0303362D65
:1052980088BF30BD11F0004F4FEA01314FF4801C38
:1052A8004CEA113102D0404261EB410113F0004F4A
:1052B8004FEA03334CEA133302D0524263EB430301
:1052C80094EA050F00F0A780A4F10104D5F1200E9F
:1052D8000DDB02FA0EFC22FA05F2801841F10001FA
:1052E80003FA0EF2801843FA05F359410EE0A5F1CE
:1052F80020050EF1200E012A03FA0EFC28BF4CF0FF
:10530800020C43FA05F3C01851EBE37101F00045B4
:1053180007D54FF0000EDCF1000C7EEB00006EEBC1
:105328000101B1F5801F1BD3B1F5001F0CD349084B
:105338005FEA30004FEA3C0C04F101044FEA4452A2
:1053480012F5800F80F09A80BCF1004F08BF5FEA29
:10535800500C50F1000041EB045141EA050130BD09
:105368005FEA4C0C404141EB010111F4801FA4F1AC
:105378000104E9D191F0000F04BF01460020B1FA01
:1053880081F308BF2033A3F10B03B3F120020CDA39
:105398000C3208DD02F1140CC2F10C0201FA0CF017
:1053A80021FA02F10CE002F11402D8BFC2F1200C7C
:1053B80001FA02F120FA0CFCDCBF41EA0C01904032
:1053C800E41AA2BF01EB0451294330BD6FEA04047B
:1053D8001F3C1CDA0C340EDC04F11404C4F1200266
:1053E80020FA04F001FA02F340EA030021FA04F378
:1053F80045EA030130BDC4F10C04C4F1200220FACF
:1054080002F001FA04F340EA0300294630BD21FA0C
:1054180004F0294630BD94F0000F83F4801306BFD2
:1054280081F480110134013D4EE77FEA645C18BFC6
:105438007FEA655C29D094EA050F08BF90EA020F5D
:1054480005D054EA000C04BF1946104630BD91EA55
:10545800030F1EBF0021002030BD5FEA545C05D158
:105468004000494128BF41F0004130BD14F5800497
:105478003CBF01F5801130BD01F0004545F0FE410B
:1054880041F470014FF0000030BD7FEA645C1ABF40
:10549800194610467FEA655C1CBF0B46024650EA77
:1054A800013406BF52EA033591EA030F41F40021A3
:1054B80030BD00BF90F0000F04BF0021704730B529
:1054C8004FF4806404F132044FF000054FF00001FE
:1054D80050E700BF90F0000F04BF0021704730B5BF
:1054E8004FF4806404F1320410F0004548BF404294
:1054F8004FF000013EE700BF42004FEAE2014FEAE9
:1055080031014FEA02701FBF12F07F4393F07F4FC3
:1055180081F06051704732F07F4208BF704793F0C6
:105528007F4F04BF41F40021704730B54FF46074D9
:1055380001F0004521F000411CE700BF50EA0102DC
:1055480008BF704730B54FF000050AE050EA010285
:1055580008BF704730B511F0004502D5404261EBF5
:1055680041014FF4806404F132045FEA915C3FF436
:10557800D8AE4FF003025FEADC0C18BF03325FEAD3
:10558800DC0C18BF033202EBDC02C2F1200300FA84
:1055980003FC20FA02F001FA03FE40EA0E0021FAA9
:1055A80002F11444BDE600BF70B54FF0FF0C4CF497
:1055B800E06C1CEA11541DBF1CEA135594EA0C0F49
:1055C80095EA0C0F00F0DEF82C4481EA030621EA84
:1055D8004C5123EA4C5350EA013518BF52EA0335BF
:1055E80041F4801143F4801338D0A0FB02CE4FF071
:1055F8000005E1FB02E506F00042E0FB03E54FF0A1
:105608000006E1FB03569CF0000F18BF4EF0010E98
:10561800A4F1FF04B6F5007F64F5407404D25FEA94
:105628004E0E6D4146EB060642EAC62141EA555147
:105638004FEAC52040EA5E504FEACE2EB4F1FD0C89
:1056480088BFBCF5E06F1ED8BEF1004F08BF5FEA07
:10565800500E50F1000041EB045170BD06F00046B9
:1056680046EA010140EA020081EA0301B4EB5C0466
:10567800C2BFD4EB0C0541EA045170BD41F480115E
:105688004FF0000E013C00F3AB8014F1360FDEBF83
:10569800002001F0004170BDC4F10004203C35DA5F
:1056A8000C341BDC04F11404C4F1200500FA05F3E2
:1056B80020FA04F001FA05F240EA020001F0004283
:1056C80021F0004110EBD37021FA04F642EB0601F9
:1056D8005EEA430E08BF20EAD37070BDC4F10C0423
:1056E800C4F1200500FA04F320FA05F001FA04F2E7
:1056F80040EA020001F0004110EBD37041F10001D3
:105708005EEA430E08BF20EAD37070BDC4F12005DD
:1057180000FA05F24EEA020E20FA04F301FA05F245
:1057280043EA020321FA04F001F0004121FA04F2ED
:1057380020EA020000EBD3705EEA430E08BF20EABD
:10574800D37070BD94F0000F0FD101F000464000F7
:1057580041EB010111F4801F08BF013CF7D041EA79
:10576800060195F0000F18BF704703F0004652007D
:1057780043EB030313F4801F08BF013DF7D043EA4E
:105788000603704794EA0C0F0CEA135518BF95EA04
:105798000C0F0CD050EA410618BF52EA4306D1D18B
:1057A80081EA030101F000414FF0000070BD50EAAA
:1057B800410606BF1046194652EA430619D094EA34
:1057C8000C0F02D150EA013613D195EA0C0F05D11E
:1057D80052EA03361CBF104619460AD181EA030172
:1057E80001F0004141F0FE4141F470014FF000002A
:1057F80070BD41F0FE4141F4780170BD70B54FF0C5
:10580800FF0C4CF4E06C1CEA11541DBF1CEA135544
:1058180094EA0C0F95EA0C0F00F0A7F8A4EB050426
:1058280081EA030E52EA03354FEA013100F088801D
:105838004FEA03334FF0805545EA131343EA1263E6
:105848004FEA022245EA111545EA10654FEA00269B
:105858000EF000419D4208BF964244F1FD0404F554
:10586800407402D25B084FEA3202B61A65EB0305B0
:105878005B084FEA32024FF480104FF4002CB6EB6D
:10588800020E75EB030E22BFB61A754640EA0C00ED
:105898005B084FEA3202B6EB020E75EB030E22BF2D
:1058A800B61A754640EA5C005B084FEA3202B6EB6E
:1058B800020E75EB030E22BFB61A754640EA9C002D
:1058C8005B084FEA3202B6EB020E75EB030E22BFFD
:1058D800B61A754640EADC0055EA060E18D04FEABB
:1058E800051545EA16754FEA06164FEAC30343EA5B
:1058F80052734FEAC2025FEA1C1CC0D111F4801F28
:105908000BD141EA00014FF000004FF0004CB6E720
:1059180011F4801F04BF01430020B4F1FD0C88BFBF
:10592800BCF5E06F3FF6AFAEB5EB030C04BFB6EBCA
:10593800020C5FEA500C50F1000041EB045170BDBD
:105948000EF0004E4EEA113114EB5C04C2BFD4EBEA
:105958000C0541EA045170BD41F480114FF0000E6E
:10596800013C90E645EA060E8DE60CEA135594EAEA
:105978000C0F08BF95EA0C0F3FF43BAF94EA0C0FED
:105988000AD150EA01347FF434AF95EA0C0F7FF462
:1059980025AF104619462CE795EA0C0F06D152EAB6
:1059A80003353FF4FDAE1046194622E750EA41069A
:1059B80018BF52EA43067FF4C5AE50EA41047FF4AB
:1059C8000DAF52EA43057FF4EBAE12E74FF0FF3C10
:1059D80006E000BF4FF0010C02E000BF4FF0010CE1
:1059E8004DF804CD4FEA410C7FEA6C5C4FEA430C5A
:1059F80018BF7FEA6C5C1BD001B050EA410C0CBFA9
:105A080052EA430C91EA030F02BF90EA020F00200A
:105A1800704710F1000F91EA030F58BF994208BF71
:105A280090422CBFD8176FEAE37040F0010070472E
:105A38004FEA410C7FEA6C5C02D150EA013C07D185
:105A48004FEA430C7FEA6C5CD6D152EA033CD3D0D0
:105A58005DF8040B704700BF8446104662468C46CA
:105A68001946634600E000BF01B5FFF7B7FF0028FD
:105A780048BF10F1000F01BD4DF808EDFFF7F4FF26
:105A88000CBF012000205DF808FB00BF4DF808EDB1
:105A9800FFF7EAFF34BF012000205DF808FB00BFD4
:105AA8004DF808EDFFF7E0FF94BF012000205DF8F6
:105AB80008FB00BF4DF808EDFFF7CEFF94BF0120AB
:105AC80000205DF808FB00BF4DF808EDFFF7C4FFA4
:105AD80034BF012000205DF808FB00BF4FEA410CED
:105AE8007FEA6C5C02D150EA013C0AD14FEA430CD0
:105AF8007FEA6C5C02D152EA033C02D14FF000000D
:105B080070474FF0010070474FEA410212F500124A
:105B180015D211D56FF47873B3EB625212D94FEAEC
:105B2800C12343F0004343EA505311F0004F23FAD6
:105B380002F018BF404270474FF00000704750EA2B
:105B4800013005D111F0004008BF6FF000407047E8
:105B58004FF00000704700BF4A0011D212F5001242
:105B680011D20DD56FF47873B3EB62520ED44FEAAD
:105B7800C12343F0004343EA505323FA02F070472D
:105B88004FF00000704750EA013002D14FF0FF306B
:105B980070474FF00000704780F0004002E000BFFF
:105BA80081F0004142001FBF5FEA410392EA030F00
:105BB8007FEA226C7FEA236C6AD04FEA1262D2EB4A
:105BC8001363C1BFD218414048404140B8BF5B424F
:105BD800192B88BF704710F0004F40F4000020F0E8
:105BE8007F4018BF404211F0004F41F4000121F0FE
:105BF8007F4118BF494292EA030F3FD0A2F1010248
:105C080041FA03FC10EB0C00C3F1200301FA03F185
:105C180000F0004302D5494260EB4000B0F5000FA8
:105C280013D3B0F1807F06D340084FEA310102F167
:105C38000102FE2A51D2B1F1004F40EBC25008BF19
:105C480020F0010040EA03007047490040EB0000E3
:105C580010F4000FA2F10102EDD1B0FA80FCACF112
:105C6800080CB2EB0C0200FA0CF0AABF00EBC25011
:105C780052421843BCBFD0401843704792F0000FFF
:105C880081F4000106BF80F400000132013BB5E752
:105C98004FEA41037FEA226C18BF7FEA236C21D0C8
:105CA80092EA030F04D092F0000F08BF084670472D
:105CB80090EA010F1CBF0020704712F07F4F04D1FB
:105CC800400028BF40F00040704712F100723CBF0E
:105CD80000F50000704700F0004343F0FE4040F438
:105CE800000070477FEA226216BF08467FEA2363F6
:105CF8000146420206BF5FEA412390EA010F40F4E1
:105D0800800070474FF0000304E000BF10F000432C
:105D180048BF40425FEA000C08BF704743F0964313
:105D280001464FF000001CE050EA010208BF70472E
:105D38004FF000030AE000BF50EA010208BF7047B5
:105D480011F0004302D5404261EB41015FEA010CCA
:105D580002BF84460146002043F0B64308BFA3F1C2
:105D68008053A3F50003BCFA8CF2083AA3EBC253A4
:105D780010DB01FA02FC634400FA02FCC2F12002C3
:105D8800BCF1004F20FA02F243EB020008BF20F0FA
:105D98000100704702F1200201FA02FCC2F1200260
:105DA80050EA4C0021FA02F243EB020008BF20EA55
:105DB800DC7070474FF0FF0C1CEAD0521EBF1CEA83
:105DC800D15392EA0C0F93EA0C0F6FD01A4480EA71
:105DD800010C400218BF5FEA41211ED04FF000635A
:105DE80043EA501043EA5111A0FB01310CF0004086
:105DF800B1F5000F3EBF490041EAD3715B0040EAAC
:105E0800010062F17F02FD2A1DD8B3F1004F40EB7B
:105E1800C25008BF20F00100704790F0000F0CF04E
:105E2800004C08BF49024CEA502040EA51207F3A12
:105E3800C2BFD2F1FF0340EAC250704740F40000ED
:105E48004FF00003013A5DDC12F1190FDCBF00F0DE
:105E580000407047C2F10002410021FA02F1C2F18C
:105E6800200200FA02FC5FEA310040F1000053EA28
:105E78004C0308BF20EADC70704792F0000F00F076
:105E8800004C02BF400010F4000F013AF9D040EA7C
:105E98000C0093F0000F01F0004C02BF490011F410
:105EA800000F013BF9D041EA0C018FE70CEAD1530E
:105EB80092EA0C0F18BF93EA0C0F0AD030F0004C8E
:105EC80018BF31F0004CD8D180EA010000F0004042
:105ED800704790F0000F17BF90F0004F084691F000
:105EE800000F91F0004F14D092EA0C0F01D142023A
:105EF8000FD193EA0C0F03D14B0218BF084608D103
:105F080080EA010000F0004040F0FE4040F400004C
:105F1800704740F0FE4040F4400070474FF0FF0CDF
:105F28001CEAD0521EBF1CEAD15392EA0C0F93EA26
:105F38000C0F69D0A2EB030280EA010C49024FEA78
:105F4800402037D04FF0805343EA111143EA101331
:105F58000CF000408B4238BF5B0042F17D024FF4E9
:105F6800000C8B4224BF5B1A40EA0C00B3EB510FC4
:105F780024BFA3EB510340EA5C00B3EB910F24BFAD
:105F8800A3EB910340EA9C00B3EBD10F24BFA3EB32
:105F9800D10340EADC001B0118BF5FEA1C1CE0D1FA
:105FA800FD2A3FF650AF8B4240EBC25008BF20F0AD
:105FB800010070470CF0004C4CEA50207F32C2BF01
:105FC800D2F1FF0340EAC250704740F400004FF09E
:105FD8000003013A37E792F0000F00F0004C02BFCF
:105FE800400010F4000F013AF9D040EA0C0093F099
:105FF800000F01F0004C02BF490011F4000F013BF3
:10600800F9D041EA0C0195E70CEAD15392EA0C0F5A
:1060180008D142027FF47DAF93EA0C0F7FF470AF92
:10602800084676E793EA0C0F04D14B023FF44CAFD5
:1060380008466EE730F0004C18BF31F0004CCAD16A
:1060480030F000427FF45CAF31F000437FF43CAFA6
:106058005FE700BF42000ED2B2F1FE4F0BD34FF004
:106068009E03B3EB126209D44FEA002343F00043C6
:1060780023FA02F070474FF00000704712F1610FE9
:1060880001D1420202D14FF0FF3070474FF00000BB
:10609800704700BF53B94AB9002908BF00281CBF80
:1060A8004FF0FF314FF0FF3000F074B9ADF1080C3C
:1060B8006DE904CE00F006F8DDF804E0DDE902231E
:1060C80004B070472DE9F0478C460446089E002B23
:1060D8004BD18A42154667D9B2FA82F24AB1C2F167
:1060E800200701FA02F320FA07F7954047EA030C64
:1060F80094404FEA154EBCFBFEF71FFA85F80EFBDD
:1061080017C307FB08F9210C41EA0343994509D94C
:10611800EB1807F1FF3180F01C81994540F2198195
:10612800023F2B44A3EB0903B3FBFEF00EFB103335
:1061380000FB08F1A4B244EA0344A14209D92C198E
:1061480000F1FF3380F00781A14240F20481023858
:106158002C4440EA07400027641A1EB10023D440AB
:10616800C6E900433946BDE8F0878B4209D9002EBD
:1061780000F0EC800027C6E9000138463946BDE842
:10618800F087B3FA83F7002F48D18B4202D38242BB
:1061980000F2FB80841A61EB030301209C46002E69
:1061A800E0D0C6E9004CDDE702B9FFDEB2FA82F2C0
:1061B800002A40F08F800127491B4FEA15481FFA33
:1061C80085F9B1FBF8FE08FB1E1109FB0EF04FEA3A
:1061D800144C4CEA0143984207D9EB180EF1FF31F1
:1061E80002D2984200F2CD808E461B1AB3FBF8F01B
:1061F80008FB103309FB00F9A4B244EA0344A145A3
:1062080007D92C1900F1FF3302D2A14500F2B6805C
:106218001846A4EB090440EA0E409EE7C7F12005A2
:10622800BB4022FA05FC4CEA030C21FA05F44FEABC
:106238001C4EB4FBFEF91FFA8CF80EFB194420FA29
:1062480005F3B94009FB08FA19430B0C43EA044467
:10625800A24502FA07F200FA07F30BD91CEB040473
:1062680009F1FF3080F08880A24540F28580A9F1CD
:1062780002096444A4EB0A04B4FBFEF00EFB1044CC
:1062880000FB08FA89B241EA0444A24508D91CEB8C
:10629800040400F1FF316BD2A24569D90238644485
:1062A80040EA0940A0FB0289A4EB0A044C45414698
:1062B800CE4654D351D0002E69D05A1A64EB0E043E
:1062C80004FA05F522FA07F3FC401D43C6E9005419
:1062D800002747E79540C2F1200321FA03F04FEA6F
:1062E8001548B0FBF8F71FFA85F908FB170024FAE0
:1062F80003F3914007FB09FC0B43190C41EA0041E9
:106308008C4504FA02F407D9691807F1FF3031D235
:106318008C452FD9023F2944A1EB0C01B1FBF8F0C1
:1063280008FB101C00FB09FE99B241EA0C418E459E
:1063380007D9691800F1FF3318D28E4516D90238EB
:106348002944A1EB0E0140EA07473AE737463046B1
:1063580008E70F46E6E61846FBE64345ABD2B8EB3E
:10636800020169EB0C0201389646A4E71846E8E7F3
:10637800084695E70746CFE781467BE702382C4475
:1063880047E7AEF1020E2B442FE7384607E73746BA
:10639800E8E600BF704700BF80B500AF084B1B6838
:1063A800074A43F010031360032000F03DFE00206D
:1063B80000F008F80FF046F80023184680BD00BF2B
:1063C8000020024080B582B000AF7860124B1A6896
:1063D800124B1B7819464FF47A73B3FBF1F3B2FBF7
:1063E800F3F3184600F063FE0346002B01D00123A7
:1063F8000EE07B680F2B0AD8002279684FF0FF3037
:1064080000F01DFE064A7B681360002300E00123AC
:1064180018460837BD4680BDF4020020040000205D
:106428000000002080B400AF054B1B781A46054BCE
:106438001B681344034A136000BFBD4680BC704705
:1064480004000020A013002080B400AF024B1B689A
:106458001846BD4680BC7047A013002080B584B0A4
:1064680000AF7860FFF7F0FFB8607B68FB60FB68FF
:10647800B3F1FF3F05D0094B1B781A46FB6813445C
:10648800FB6000BFFFF7E0FF0246BB68D31AFA685B
:106498009A42F7D800BF1037BD4680BD04000020DF
:1064A80080B586B000AF78600023FB7500233B61A0
:1064B8000023BB600023FB607B68002B01D1012314
:1064C800CEE07B689B68002B7B689B6A002B09D118
:1064D8007B680022DA627B68002283F824207868CF
:1064E8000FF0BEF9786800F007FC0346FB757B687F
:1064F8009B6A03F01003002B40F0A980FB7D002B62
:1065080040F0A5807B689B6A23F4885323F002033C
:1065180043F002027B689A627B685A687B681B6852
:1065280051498B420AD17B68DB69B3F5402F02D011
:106538007B68DB6904E04FF4002301E07B68DB69DA
:106548001A437B681B7B5B001343BA681343BB6029
:106558007B689B68B3F5807F03D07B689B68012BC1
:1065680002D14FF4807300E000233A6913433B6182
:106578007B681B7D012B19D17B681B7B002B09D104
:106588007B689B69013B5A033B69134343F40063EF
:106598003B610BE07B689B6A43F020027B689A6250
:1065A8007B68DB6A43F001027B68DA627B681B6800
:1065B8005B6823F469417B681B683A690A435A603F
:1065C8007B681B689A68294B13407A681268B96817
:1065D8000B4393607B689B68B3F5807F03D07B682F
:1065E8009B68012B04D17B681B69013B1B05FB6081
:1065F8007B681B68DB6A23F470017B681B68FA6898
:106608000A43DA627B681B689A68194B1340BA68B8
:106618009A420BD17B680022DA627B689B6A23F07E
:10662800030343F001027B689A6218E07B689B6A67
:1066380023F0120343F010027B689A627B68DB6ADE
:1066480043F001027B68DA620123FB7507E07B688F
:106658009B6A43F010027B689A620123FB75FB7DFD
:1066680018461837BD4680BD003C0140FDF7E1FFE4
:10667800FE0E1FFF80B586B000AFF860B9607A6083
:106688000023FB75FB681B68644A934204D0FB68CF
:106698001B68634A934206D1604B5B6803F470231E
:1066A800002B40F0B380FB6893F82430012B01D114
:1066B8000223AEE0FB68012283F82420F86800F08A
:1066C800C9FA0346FB75FB7D002B40F09A80FB68F6
:1066D8009B6A23F4706323F0010343F48072FB6820
:1066E8009A62FB681B684E4A934205D14B4B5B6824
:1066F80003F47023002B15D1FB689B6A23F48012E6
:10670800FB689A62FB681B685B6803F48063002B74
:1067180026D0FB689B6A23F4405343F48052FB68FD
:106728009A621DE0FB689B6A43F48012FB689A62D8
:10673800FB681B68394A934204D0FB681B68384AD7
:1067480093420DD1354B5B6803F48063002B07D06F
:10675800FB689B6A23F4405343F48052FB689A62B7
:10676800FB689B6A03F48053002B06D0FB68DB6A46
:1067780023F00602FB68DA6202E0FB680022DA62B4
:10678800FB68002283F82420FB681B6A254A9A626A
:10679800FB681B6A244ADA62FB681B6A234A1A638D
:1067A800FB681B686FF002021A60FB681B689A6836
:1067B800FB681B6842F480729A60FB68186AFB6881
:1067C8001B684C331946BA687B6800F0F3FCFB6819
:1067D8001B689B6803F46023B3F5602F08D1FB683E
:1067E8001B689A68FB681B6842F4A0029A600FE075
:1067F800FB681B689A68FB681B6842F480129A6001
:1068080006E0FB68002283F8242001E00123FB75E1
:10681800FB7D18461837BD4680BD00BF00240140E7
:1068280000280140756D0008F16D00080D6E000824
:1068380080B584B000AF78600023FB737B6893F861
:106848002430012B01D1022333E07B68012283F835
:106858002420786800F050FA0346FB73FB7B002B7A
:1068680022D17B681B689A687B681B6822F4807257
:106878009A607B681B6A184600F0FBFC0346FB73B2
:10688800FB7B002B0AD17B689B6A23F4885323F097
:10689800010343F001027B689A6205E07B689B6A0A
:1068A80043F040027B689A627B68002283F82420C8
:1068B800FB7B18461037BD4680BD80B582B000AF5F
:1068C80078607B681B685B6803F02003202B40D14D
:1068D8007B681B681B6803F00203022B39D17B68B5
:1068E8009B6A03F01003002B05D17B689B6A43F475
:1068F80000727B689A627B681B689B6803F460235C
:10690800B3F5602F1DD17B681B7B002B19D17B68E9
:106918001B685A687B681B6822F020025A607B68F3
:106928009B6A23F480727B689A627B689B6A03F493
:106938008053002B05D17B689B6A43F001027B687A
:106948009A62786804F028FE7B681B686FF0120270
:106958001A607B681B685B6803F08003802B4FD14B
:106968007B681B681B6803F00403042B48D17B6811
:106978009B6A03F01003002B05D17B689B6A43F4E4
:1069880000527B689A627B681B689B6803F4E0434B
:10699800B3F5E04F12D07B681B685B6803F4806333
:1069A800002B25D17B681B689B6803F46023B3F533
:1069B800602F1DD17B681B7B002B19D17B681B685E
:1069C8005A687B681B6822F080025A607B689B6A61
:1069D80023F480527B689A627B689B6A03F4807315
:1069E800002B05D17B689B6A43F001027B689A62A1
:1069F800786800F021FA7B681B686FF00C021A6057
:106A08007B681B685B6803F04003402B14D17B68EC
:106A18001B681B6803F00103012B0DD17B689B6A7F
:106A280043F480327B689A62786804F09FFE7B6842
:106A38001B686FF001021A6000BF0837BD4680BDB1
:106A480080B483B000AF786000BF0C37BD4680BC0F
:106A5800704780B483B000AF786000BF0C37BD4684
:106A680080BC704780B485B000AF7860396000237F
:106A7800FB730023BB607B6893F82430012B01D1A2
:106A88000223DCE07B68012283F824203B685B68F2
:106A9800062B1CD87B681B68596B3B685A681346E1
:106AA8009B001344053B1F2202FA03F3DB43194002
:106AB8003B6818683B685A6813469B001344053BBB
:106AC80000FA03F27B681B680A435A633CE03B68A0
:106AD8005B680C2B1CD87B681B68196B3B685A6871
:106AE80013469B001344233B1F2202FA03F3DB43A4
:106AF80019403B6818683B685A6813469B00134462
:106B0800233B00FA03F27B681B680A431A631BE005
:106B18007B681B68D96A3B685A6813469B00134414
:106B2800413B1F2202FA03F3DB4319403B68186814
:106B38003B685A6813469B001344413B00FA03F232
:106B48007B681B680A43DA623B681B68092B1CD9FF
:106B58007B681B68D9683B681A6813465B00134456
:106B68001E3B072202FA03F3DB4319403B6898688F
:106B78003B681A6813465B0013441E3B00FA03F295
:106B88007B681B680A43DA6019E07B681B6819692F
:106B98003B681A6813465B001344072202FA03F3A2
:106BA800DB4319403B6898683B681A6813465B00EA
:106BB800134400FA03F27B681B680A431A613B68B6
:106BC8001B68102B03D03B681B68112B32D17B68E4
:106BD8001B681D4A934225D17B681B689B6803F498
:106BE8000003002B26D17B681B689A687B681B68AA
:106BF80042F400029A603B681B68102B1AD1134BB1
:106C08001B68134AA2FB03239A0C13469B001344E8
:106C18005B00BB6002E0BB68013BBB60BB68002B4C
:106C2800F9D107E07B689B6A43F020027B689A628F
:106C38000123FB737B68002283F82420FB7B184622
:106C48001437BD4680BC704700240140F402002080
:106C580083DE1B4380B584B000AF78600023FB60FF
:106C68000023BB607B681B689B6803F00103012B52
:106C780039D07B681B689A687B681B6842F0010200
:106C88009A601B4B1B681B4AA2FB03239B0CBB602F
:106C980002E0BB68013BBB60BB68002BF9D1FFF782
:106CA800D3FBF86018E0FFF7CFFB0246FB68D31A66
:106CB800022B11D97B689B6A43F010027B689A62A9
:106CC8007B68DB6A43F001027B68DA627B6800223A
:106CD80083F82420012307E07B681B689B6803F086
:106CE8000103012BDFD1002318461037BD4680BDB4
:106CF800F402002083DE1B4380B584B000AF7860C7
:106D08000023FB607B681B689B6803F00103012B71
:106D180027D17B681B689A687B681B6822F0010290
:106D28009A60FFF791FBF86014E0FFF78DFB0246CD
:106D3800FB68D31A022B0DD97B689B6A43F01002BB
:106D48007B689A627B68DB6A43F001027B68DA62DF
:106D5800012307E07B681B689B6803F00103012B94
:106D6800E3D0002318461037BD4680BD80B584B0F7
:106D780000AF78607B685B6AFB60FB689B6A03F026
:106D88005003002B27D1FB689B6A43F40072FB6811
:106D98009A62FB681B689B6803F46023B3F5602F55
:106DA80015D1FB681B7B002B11D1FB689B6A23F470
:106DB8008072FB689A62FB689B6A03F48053002B1D
:106DC80005D1FB689B6A43F00102FB689A62F86888
:106DD80004F0E2FB04E0FB681B6A1B6B78689847C9
:106DE80000BF1037BD4680BD80B584B000AF786065
:106DF8007B685B6AFB60F868FFF722FE00BF10370C
:106E0800BD4680BD80B584B000AF78607B685B6AA2
:106E1800FB60FB689B6A43F04002FB689A62FB6870
:106E2800DB6A43F00402FB68DA62F868FFF711FED8
:106E380000BF1037BD4680BD80B483B000AF786016
:106E480000BF0C37BD4680BC7047000080B485B0D9
:106E580000AF78607B6803F00703FB600C4BDB68CE
:106E6800BB60BA684FF6FF031340BB60FB681A02A9
:106E7800BB68134343F0BF6343F40033BB60044A69
:106E8800BB68D36000BF1437BD4680BC704700BFE5
:106E980000ED00E080B400AF044BDB681B0A03F090
:106EA80007031846BD4680BC704700BF00ED00E0F0
:106EB80080B483B000AF0346FB7197F90730002B0D
:106EC8000BDBFB7903F01F02064997F907305B09D2
:106ED800012000FA02F241F8232000BF0C37BD461A
:106EE80080BC704700E100E080B483B000AF034687
:106EF800FB7197F90730002B10DBFB7903F01F02B9
:106F0800094997F907305B09012000FA02F220339A
:106F180041F82320BFF34F8FBFF36F8F00BF0C37AB
:106F2800BD4680BC704700BF00E100E080B483B07C
:106F380000AF03463960FB7197F90730002B0ADB75
:106F48003B68DAB20C4997F907301201D2B20B4408
:106F580083F800230AE03B68DAB20849FB7903F0BA
:106F68000F03043B1201D2B20B441A7600BF0C3750
:106F7800BD4680BC704700BF00E100E000ED00E0C6
:106F880080B489B000AFF860B9607A60FB6803F03C
:106F98000703FB61FB69C3F10703042B28BF042324
:106FA800BB61FB690433062B02D9FB69033B00E094
:106FB80000237B614FF0FF32BB6902FA03F3DA4327
:106FC800BB681A407B699A404FF0FF317B6901FA30
:106FD80003F3D9437B680B40134318462437BD4657
:106FE80080BC704780B582B000AF78607B68013B99
:106FF800B3F1807F01D301230FE00A4A7B68013B8C
:1070080053600F214FF0FF30FFF790FF054B002230
:107018009A60044B07221A60002318460837BD46B9
:1070280080BD00BF10E000E080B582B000AF78609E
:107038007868FFF70BFF00BF0837BD4680BD80B5F5
:1070480086B000AF0346B9607A60FB7300237B61AA
:10705800FFF720FF78617A68B9687869FFF790FFD1
:10706800024697F90F3011461846FFF75FFF00BF39
:107078001837BD4680BD80B582B000AF0346FB71AE
:1070880097F907301846FFF713FF00BF0837BD46CA
:1070980080BD80B582B000AF0346FB7197F9073019
:1070A8001846FFF721FF00BF0837BD4680BD80B5F1
:1070B80082B000AF78607868FFF794FF03461846FF
:1070C8000837BD4680BD000080B485B000AF786049
:1070D8000023FB607B68002B01D1012359E07B680A
:1070E8001B681A462D4B9A420FD87B681B681A46B4
:1070F8002B4B13442B4AA2FB03231B099A007B68E2
:107108001A647B68284ADA630EE07B681B681A46B3
:10711800264B1344234AA2FB03231B099A007B68CE
:107128001A647B68224ADA637B68022283F821208A
:107138007B681B681B68FB60FB6823F47F5323F0A4
:107148003003FB607B685A687B689B681A437B68DE
:10715800DB681A437B681B691A437B685B691A43BF
:107168007B689B691A437B68DB691343FA6813439E
:10717800FB607B681B68FA681A607B6800229A6368
:107188007B68012283F821207B68002283F8202075
:10719800002318461437BD4680BC704707040240D8
:1071A800F8FFFDBFCDCCCCCC00000240F8FBFDBF02
:1071B8000004024080B586B000AFF860B9607A601C
:1071C8003B600023FB75FB6893F82030012B01D14D
:1071D80002234AE0FB68012283F82020FB6893F829
:1071E8002130012B3AD1FB68022283F82120FB6869
:1071F80000229A63FB681B681A68FB681B6822F008
:1072080001021A603B687A68B968F86800F0B0FB58
:10721800FB68DB6A002B08D0FB681B681A68FB68F0
:107228001B6842F00E021A600FE0FB681B681A68C0
:10723800FB681B6822F004021A60FB681B681A6866
:10724800FB681B6842F00A021A60FB681B681A6830
:10725800FB681B6842F001021A6005E0FB68002227
:1072680083F820200223FB75FB7D18461837BD469E
:1072780080BD80B485B000AF78600023FB737B6865
:1072880093F82130022B08D07B6804229A637B682C
:10729800002283F82020012320E07B681B681A68FD
:1072A8007B681B6822F00E021A607B681B681A68EC
:1072B8007B681B6822F001021A607B681A6C7B6885
:1072C800DB6B012101FA02F25A607B68012283F824
:1072D80021207B68002283F82020FB7B1846143786
:1072E800BD4680BC7047000080B584B000AF7860B0
:1072F8000023FB737B6893F82130022B05D07B6851
:1073080004229A630123FB73D6E07B681B681A6822
:107318007B681B6822F00E021A607B681B681A687B
:107328007B681B6822F001021A607B681B681A469A
:10733800644B9A4258D97B681B68634A93424FD082
:107348007B681B68614A934248D07B681B68604A27
:10735800934240D07B681B685E4A934238D07B6872
:107368001B685D4A934230D07B681B685B4A934236
:1073780028D07B681B68534A934220D07B681B68DF
:10738800574A934219D07B681B68564A934212D0D9
:107398007B681B68544A93420AD07B681B68534A2F
:1073A800934202D14FF480531BE04FF4803318E02E
:1073B8004FF4807315E0102313E0012311E04FF020
:1073C80080730EE04FF480130BE04FF4803308E035
:1073D8004FF4805305E04FF4807302E0102300E07F
:1073E8000123434A536057E07B681B68364A93423F
:1073F8004FD07B681B68354A934248D07B681B682E
:10740800334A934240D07B681B68324A934238D053
:107418007B681B68304A934230D07B681B682F4AD0
:10742800934228D07B681B68264A934220D07B6809
:107438001B682B4A934219D07B681B68294A9342E0
:1074480012D07B681B68284A93420AD07B681B6865
:10745800264A934202D14FF480531BE04FF4803305
:1074680018E04FF4807315E0102313E0012311E0B6
:107478004FF080730EE04FF480130BE04FF480332D
:1074880008E04FF4805305E04FF4807302E01023C6
:1074980000E00123174A53607B68012283F821200A
:1074A8007B68002283F820207B685B6B002B03D06D
:1074B8007B685B6B78689847FB7B18461037BD463E
:1074C80080BD00BF80000240080002401C0002404E
:1074D8003000024044000240580002406C00024064
:1074E800080402401C0402403004024044040240E4
:1074F800000402400000024080B584B000AF78600C
:107508007B68DB6B1B68FB607B681B681B68BB6068
:107518007B681B6C04229A40FB681340002B00F028
:10752800D680BB6803F00403002B00F0D0807B6892
:107538001B681B6803F02003002B07D17B681B68BE
:107548001A687B681B6822F004021A607B681B6853
:107558001A469B4B9A4258D97B681B68994A9342B2
:107568004FD07B681B68984A934248D07B681B6859
:10757800964A934240D07B681B68954A934238D01C
:107588007B681B68934A934230D07B681B68924A99
:10759800934228D07B681B68894A934220D07B6835
:1075A8001B688E4A934219D07B681B688C4A9342A9
:1075B80012D07B681B688B4A93420AD07B681B6891
:1075C800894A934202D14FF480431BE04FF4802351
:1075D80018E04FF4806315E0402313E0042311E022
:1075E8004FF080630EE04FF480030BE04FF48023EC
:1075F80008E04FF4804305E04FF4806302E0402345
:1076080000E00423794A536057E07B681B686D4AA1
:1076180093424FD07B681B686B4A934248D07B6883
:107628001B686A4A934240D07B681B68684A934249
:1076380038D07B681B68674A934230D07B681B68E8
:10764800654A934228D07B681B685D4A934220D0E4
:107658007B681B68614A934219D07B681B68604A43
:10766800934212D07B681B685E4A93420AD07B68BB
:107678001B685D4A934202D14FF480431BE04FF4EC
:10768800802318E04FF4806315E0402313E00423BF
:1076980011E04FF080630EE04FF480030BE04FF4ED
:1076A800802308E04FF4804305E04FF4806302E054
:1076B800402300E004234E4A53607B68DB6A002BBA
:1076C80000F036817B68DB6A7868984730E17B6830
:1076D8001B6C02229A40FB681340002B00F0F880D4
:1076E800BB6803F00203002B00F0F2807B681B6884
:1076F8001B6803F02003002B0BD17B681B681A68FA
:107708007B681B6822F00A021A607B68012283F8F2
:1077180021207B681B681A46294B9A4273D97B68DB
:107728001B68284A93426AD07B681B68264A9342A2
:1077380063D07B681B68254A93425BD07B681B68D3
:10774800234A934238D07B681B68224A934230D040
:107758007B681B68204A934228D07B681B68184ABC
:10776800934220D07B681B681C4A934219D07B68DF
:107778001B681B4A934212D07B681B68194A9342C4
:107788000AD07B681B68184A934202D14FF4005311
:1077980036E04FF4003333E04FF4007330E0202339
:1077A8002EE002232CE04FF0007329E04FF4001381
:1077B80026E04FF4003323E04FF4005320E000BFED
:1077C80080000240080002401C00024030000240D5
:1077D80044000240580002406C0002400804024085
:1077E8001C040240300402404404024000040240E9
:1077F800000002404FF4007302E0202300E002235F
:107808004E4A536057E07B681B684D4A93424FD0FD
:107818007B681B684B4A934248D07B681B684A4A7E
:10782800934240D07B681B68484A934238D07B68B3
:107838001B68474A934230D07B681B68454A93428D
:1078480028D07B681B68444A934220D07B681B6819
:10785800424A934219D07B681B68414A934212D02E
:107868007B681B683F4A93420AD07B681B683E4A84
:10787800934202D14FF400531BE04FF4003318E059
:107888004FF4007315E0202313E0022311E04FF0BA
:1078980000730EE04FF400130BE04FF4003308E0E0
:1078A8004FF4005305E04FF4007302E0202300E09A
:1078B80002232E4A53607B68002283F820207B68CD
:1078C8009B6A002B34D07B689B6A786898472FE0C6
:1078D8007B681B6C08229A40FB681340002B28D059
:1078E800BB6803F00803002B23D07B681B681A6869
:1078F8007B681B6822F00E021A607B681A6C7B6832
:10790800DB6B012101FA02F25A607B6801229A635B
:107918007B68012283F821207B68002283F82020DD
:107928007B681B6B002B04D07B681B6B78689847BF
:1079380000BF00BF1037BD4680BD00BF0004024035
:10794800080002401C00024030000240440002408F
:10795800580002406C0002408000024008040240C7
:107968001C0402403004024044040240000002406B
:1079780080B485B000AFF860B9607A603B60FB689E
:107988001A6CFB68DB6B012101FA02F25A60FB6892
:107998001B683A685A60FB685B68102B08D1FB6863
:1079A8001B687A689A60FB681B68BA68DA6007E047
:1079B800FB681B68BA689A60FB681B687A68DA60BB
:1079C80000BF1437BD4680BC7047000080B483B048
:1079D80000AF0023FB710D4B1B6903F08003002BE4
:1079E8000DD00A4B0A4A5A60084B0A4A5A60074B9C
:1079F8001B6903F08003002B01D00123FB71FB7985
:107A080018460C37BD4680BC704700BF00200240B6
:107A180023016745AB89EFCD80B400AF054B1B69E7
:107A2800044A43F08003136100231846BD4680BC16
:107A3800704700BF0020024080B584B000AF786076
:107A4800FEF702FDF86010E07B68B3F1FF3F0CD051
:107A58007B68002B07D0FEF7F7FC0246FB68D31AB9
:107A68007A689A4201D2032325E0154BDB6803F0BC
:107A78000103002BE8D1124BDB6803F02003002B35
:107A880002D00F4B2022DA600D4BDB6803F01003A5
:107A9800002B0BD10A4BDB6903F00103002B05D146
:107AA800074BDB6803F00403002B03D000F00AF84F
:107AB800012300E0002318461037BD4680BD00BFF3
:107AC8000020024080B483B000AF00237B60234BCA
:107AD800DB6803F01003002B09D0214BDB6943F06E
:107AE80002031F4AD3617B6843F010037B601B4B82
:107AF800DB6803F00403002B09D0194BDB6943F062
:107B08000103174AD3617B6843F004037B60134B7E
:107B1800DB6903F00103002B0BD0114BDB6943F049
:107B280004030F4AD3610D4BDB690C4A23F00103B0
:107B3800D3617B6840F20112934206D1074BDB699F
:107B4800064A23F00103D36102E0044A7B68D3604C
:107B580000BF0C37BD4680BC704700BF0020024004
:107B6800A813002080B584B000AF78603960012385
:107B7800FB730023BB602F4B1B7E012B01D102231B
:107B880053E02C4B01221A767B681B68022B16D116
:107B98004CF25030FFF750FF0346002B41D1012033
:107BA80000F04CF84CF25030FFF746FF0346FB73E9
:107BB800214B1B69204A23F00403136131E04CF286
:107BC8005030FFF739FF0346002B2AD13B684FF0AE
:107BD800FF321A607B689B68BB6019E0B86800F0E8
:107BE80049F84CF25030FFF727FF0346FB73124B5E
:107BF8001B69114A23F002031361FB7B002B03D09E
:107C08003B68BA681A600CE0BB6803F50063BB60A8
:107C18007B68DB68DA027B689B681344BA689A421F
:107C2800DCD3044B00221A76FB7B18461037BD467E
:107C380080BD00BFA81300200020024080B483B09C
:107C480000AF7860094B0022DA61094B1B69084ACA
:107C580043F004031361064B1B69054A43F04003D4
:107C6800136100BF0C37BD4680BC7047A8130020C5
:107C78000020024080B483B000AF78600B4B002234
:107C8800DA610B4B1B690A4A43F002031361084A85
:107C98007B685361064B1B69054A43F04003136137
:107CA80000BF0C37BD4680BC704700BFA81300203A
:107CB8000020024080B48BB000AF786039600023A8
:107CC8007B6200233B6233E101227B6A02FA03F301
:107CD800FB613B681B68FA691340BB61BA69FB69C1
:107CE8009A4240F022813B685B68122B34D0122BF9
:107CF8000DD8022B2BD0022B04D8002B31D0012B0E
:107D08001CD048E0032B43D0112B1BD043E08F4AF3
:107D1800934226D08D4A934206D88D4A934220D06A
:107D28008C4A93421DD036E08B4A934219D08B4A35
:107D3800934216D08A4A934213D02CE03B68DB6802
:107D48003B6228E03B68DB6804333B6223E03B6826
:107D5800DB6808333B621EE03B68DB680C333B6240
:107D680019E03B689B68002B02D104233B6212E0B8
:107D78003B689B68012B05D108233B627B68FA6945
:107D88001A6108E008233B627B68FA695A6102E0DD
:107D980000233B6200BFBB69FF2B01D87B6801E071
:107DA8007B6804337B61BB69FF2B02D87B6A9B002D
:107DB80002E07B6A083B9B003B617B691A680F21E4
:107DC8003B6901FA03F3DB431A40396A3B6901FA5C
:107DD80003F31A437B691A603B685B6803F08053BE
:107DE800002B00F0A2805F4B9B695E4A43F00103C1
:107DF80093615C4B9B6903F00103BB60BB685A4A03
:107E08007B6A9B08023352F82330FB607B6A03F0DD
:107E180003039B000F2202FA03F3DB43FA681340C3
:107E2800FB607B68514A93421FD07B68504A93425B
:107E380019D07B684F4A934213D07B684E4A9342CD
:107E48000DD07B684D4A934207D07B684C4A9342D9
:107E580001D105230AE0062308E0042306E00323F2
:107E680004E0022302E0012300E000237A6A02F022
:107E7800030292009340FA681343FB603A497B6A15
:107E88009B080233FA6841F823203B685B6803F4D7
:107E98008033002B06D03B4B1A683A49BB69134321
:107EA8000B6006E0374B1A68BB69DB433549134062
:107EB8000B603B685B6803F40033002B06D0314B42
:107EC8005A683049BB6913434B6006E02D4B5A682A
:107ED800BB69DB432B4913404B603B685B6803F489
:107EE8008013002B06D0274B9A682649BB69134399
:107EF8008B6006E0234B9A68BB69DB43214913403A
:107F08008B603B685B6803F40013002B06D01D4BA5
:107F1800DA681C49BB691343CB6006E0194BDA6881
:107F2800BB69DB4317491340CB607B6A01337B6233
:107F38003B681A687B6A22FA03F3002B7FF4C4AE0D
:107F480000BF2C37BD4680BC704700BF0000211021
:107F58000000111000001210000031100000321053
:107F680000002210001002400000014000080140FB
:107F7800000C0140001001400014014000180140AD
:107F8800001C01400004014080B489B000AF786053
:107F980039600023FB61A6E00122FB6902FA03F3C2
:107FA8003A681340BB61BB69002B00F09980544AC2
:107FB800FB699B08023352F823307B61FB6903F0AD
:107FC80003039B000F2202FA03F37A6913407B61D3
:107FD8007B684C4A93421FD07B684B4A934219D026
:107FE8007B684A4A934213D07B68494A93420DD032
:107FF8007B68484A934207D07B68474A934201D13D
:1080080005230AE0062308E0042306E0032304E02E
:10801800022302E0012300E00023FA6902F00302D0
:10802800920093407A699A4232D1FB6903F00303C4
:108038009B000F2202FA03F37B61314AFB699B081C
:10804800023352F823107B69DA432D48FB699B08F9
:108058000A40023340F82320304B1A68BB69DB43DF
:108068002E4913400B602D4B5A68BB69DB432B49E3
:1080780013404B60294B9A68BB69DB43274913407F
:108088008B60264BDA68BB69DB4324491340CB601D
:10809800BB69FF2B01D87B6801E07B6804333B6137
:1080A800BB69FF2B02D8FB699B0002E0FB69083B18
:1080B8009B00FB603B691A680F21FB6801FA03F318
:1080C800DB431A400421FB6801FA03F31A433B69B6
:1080D8001A607B68DA68BB69DB431A407B68DA6040
:1080E800FB690133FB613A68FB6922FA03F3002B51
:1080F8007FF452AF00BF2437BD4680BC704700BF35
:108108000000014000080140000C0140001001403F
:108118000014014000180140001C01400004014007
:1081280080B483B000AF78600B467B8013467B70C9
:108138007B78002B03D07A887B681A6103E07B8800
:108148001A047B681A6100BF0C37BD4680BC7047B3
:1081580080B582B000AF0346FB80084B5A69FB88A4
:108168001340002B06D0054AFB885361FB8818464C
:1081780003F00EFB00BF0837BD4680BD0004014078
:1081880080B584B000AF78607B68002B01D10123F3
:108198000FE17B6893F83D30DBB2002B06D17B689A
:1081A800002283F83C2078680DF048FC7B68242284
:1081B80083F83D207B681B681A687B681B6822F07F
:1081C80001021A6001F056FBF8607B685B687B4A25
:1081D800934207D8FB687A4A934294BF012300234D
:1081E800DBB206E0FB68774A934294BF0123002381
:1081F800DBB2002B01D00123DBE0FB68724AA2FB53
:1082080003239B0CBB607B681B685B6823F03F0102
:108218007B681B68BA680A435A607B681B681B6ADC
:1082280023F03F017B685B68644A934202D8BB68CD
:10823800013309E0BB684FF4967202FB03F3634A0B
:10824800A2FB03239B0901337A6812680B4313626C
:108258007B681B68DB6923F44F4222F0FF027B68CE
:108268005B6856498B420DD8FB68591E7B685B6872
:108278005B00B1FBF3F30133C3F30B03042B38BFEB
:1082880004234FE07B689B68002B11D1FB68581EC4
:108298007B6859680B465B000B44B0FBF3F3013372
:1082A800C3F30B03002B0CBF01230023DBB212E046
:1082B800FB68581E7B6859680B469B000B44990065
:1082C8000B44B0FBF3F30133C3F30B03002B0CBFD8
:1082D80001230023DBB2002B01D0012322E07B68BD
:1082E8009B68002B0ED1FB68581E7B6859680B46AB
:1082F8005B000B44B0FBF3F30133C3F30B0343F40C
:1083080000430FE0FB68581E7B6859680B469B00CA
:108318000B4499000B44B0FBF3F30133C3F30B0395
:1083280043F44043796809681343CB617B681B6851
:108338001B6823F0C0017B68DA697B681B6A1A43F3
:108348007B681B680A431A607B681B689B6823F478
:10835800034323F0FF037A6811697A68D2681143EE
:108368007A6812680B4393607B681B68DB6823F0AC
:10837800FF017B685A697B689B691A437B681B68A5
:108388000A43DA607B681B681A687B681B6842F0DE
:1083980001021A607B6800221A647B68202283F835
:1083A8003D207B6800221A637B68002283F83E2008
:1083B800002318461037BD4680BD00BFA0860100C7
:1083C8007F841E00FF083D0083DE1B43D34D6210EF
:1083D80080B588B002AFF8607A601A460B467B8198
:1083E80013463B81FEF730F87861FB6893F83D301F
:1083F800DBB2202B40F0E0807B6900931923012237
:108408007049F86800F03CFC0346002B01D00223B9
:10841800D3E0FB6893F83C30012B01D10223CCE078
:10842800FB68012283F83C20FB681B681B6803F08B
:108438000103012B07D0FB681B681A68FB681B68DF
:1084480042F001021A60FB681B681A68FB681B6827
:1084580022F400621A60FB68212283F83D20FB6841
:10846800102283F83E20FB6800221A64FB687A68B1
:108478005A62FB683A895A85FB685B8D9AB2FB6839
:108488001A85FB68504ADA6279897B693A6AF86822
:1084980000F0CAFA0346002B01D001238DE0002327
:1084A8003B61FB681B685B693B61FB681B689B69F8
:1084B8003B613B6966E07A69396AF86800F0B6FCA6
:1084C8000346002B0DD0FB681B6C042B07D1FB68FF
:1084D8001B681A68FB681B6842F400721A60012363
:1084E8006BE0FB685B6A1A78FB681B681A61FB68BB
:1084F8005B6A5A1CFB685A62FB685B8D9BB2013B46
:108508009AB2FB685A85FB681B8D013B9AB2FB68DF
:108518001A85FB681B685B6903F00403042B1BD1F5
:10852800FB681B8D002B17D0FB685B6A1A78FB6809
:108538001B681A61FB685B6A5A1CFB685A62FB6815
:108548005B8D9BB2013B9AB2FB685A85FB681B8D19
:10855800013B9AB2FB681A857A69396AF86800F0B3
:10856800A6FC0346002B0DD0FB681B6C042B07D11F
:10857800FB681B681A68FB681B6842F400721A6083
:1085880001231AE0FB681B8D002B94D1FB681B6844
:108598001A68FB681B6842F400721A60FB682022A4
:1085A80083F83D20FB68002283F83E20FB68002208
:1085B80083F83C20002300E0022318461837BD4604
:1085C80080BD00BF020010000000FFFF80B58CB026
:1085D80002AFF8607A601A460B467B8113463B81EE
:1085E800FDF732FF7862FB6893F83D30DBB2202B51
:1085F80040F013827B6A0093192301227E49F868B0
:1086080000F03EFB0346002B01D0022306E2FB6884
:1086180093F83C30012B01D10223FFE1FB680122D2
:1086280083F83C20FB681B681B6803F00103012BDF
:1086380007D0FB681B681A68FB681B6842F00102D8
:108648001A60FB681B681A68FB681B6822F40062E2
:108658001A60FB68222283F83D20FB68102283F809
:108668003E20FB6800221A64FB687A685A62FB683D
:108678003A895A85FB685B8D9AB2FB681A85FB6854
:108688005E4ADA6279897B6A3A6BF86800F042FAE6
:108698000346002B01D00123C0E1FB681B8D002B92
:1086A80013D100233B62FB681B685B693B62FB6874
:1086B8001B689B693B623B6AFB681B681A68FB681E
:1086C8001B6842F400721A6094E1FB681B8D012B51
:1086D8001DD1FB681B681A68FB681B6822F480625E
:1086E8001A6072B60023FB61FB681B685B69FB615B
:1086F800FB681B689B69FB61FB69FB681B681A6860
:10870800FB681B6842F400721A6062B672E1FB688B
:108718001B8D022B1DD1FB681B681A68FB681B6840
:1087280042F400621A6072B60023BB61FB681B68E2
:108738005B69BB61FB681B689B69BB61BB69FB68C4
:108748001B681A68FB681B6822F480621A6062B6AC
:1087580050E1FB681B681A68FB681B6842F480627A
:108768001A6000237B61FB681B685B697B61FB689F
:108778001B689B697B617B693CE1FB681B8D032B54
:1087880000F2F580FB681B8D012B23D17A6A396BC7
:10879800F86800F0CDFB0346002B01D001233DE132
:1087A800FB681B681A69FB685B6AD2B21A70FB68BF
:1087B8005B6A5A1CFB685A62FB681B8D013B9AB2C4
:1087C800FB681A85FB685B8D9BB2013B9AB2FB681C
:1087D8005A850FE1FB681B8D022B50D17B6A0093F1
:1087E8003B6B00220649F86800F04AFA0346002B62
:1087F80008D0012312E100BF020010000000FFFFB3
:108808000400010072B6FB681B681A68FB681B68E5
:1088180042F400721A60FB681B681A69FB685B6A9D
:10882800D2B21A70FB685B6A5A1CFB685A62FB6812
:108838001B8D013B9AB2FB681A85FB685B8D9BB266
:10884800013B9AB2FB685A8562B6FB681B681A69D5
:10885800FB685B6AD2B21A70FB685B6A5A1CFB68D9
:108868005A62FB681B8D013B9AB2FB681A85FB684C
:108878005B8D9BB2013B9AB2FB685A85BAE07B6A72
:1088880000933B6B00226749F86800F0F9F903464A
:10889800002B01D00123C1E0FB681B681A68FB6844
:1088A8001B6822F480621A6072B6FB681B681A693A
:1088B800FB685B6AD2B21A70FB685B6A5A1CFB6879
:1088C8005A62FB681B8D013B9AB2FB681A85FB68EC
:1088D8005B8D9BB2013B9AB2FB685A857B6A009319
:1088E8003B6B00224F49F86800F0CAF90346002B99
:1088F80001D0012392E0FB681B681A68FB681B68BB
:1089080042F400721A60FB681B681A69FB685B6AAC
:10891800D2B21A70FB685B6A5A1CFB685A62FB6821
:108928001B8D013B9AB2FB681A85FB685B8D9BB275
:10893800013B9AB2FB685A8562B6FB681B681A69E4
:10894800FB685B6AD2B21A70FB685B6A5A1CFB68E8
:108958005A62FB681B8D013B9AB2FB681A85FB685B
:108968005B8D9BB2013B9AB2FB685A8542E07A6AFA
:10897800396BF86800F0DCFA0346002B01D00123BC
:108988004CE0FB681B681A69FB685B6AD2B21A7014
:10899800FB685B6A5A1CFB685A62FB681B8D013BCB
:1089A8009AB2FB681A85FB685B8D9BB2013B9AB251
:1089B800FB685A85FB681B685B6903F00403042B9A
:1089C80018D1FB681B681A69FB685B6AD2B21A7017
:1089D800FB685B6A5A1CFB685A62FB681B8D013B8B
:1089E8009AB2FB681A85FB685B8D9BB2013B9AB211
:1089F800FB685A85FB681B8D002B7FF4BEAEFB68B5
:108A0800202283F83D20FB68002283F83E20FB6883
:108A1800002283F83C20002300E002231846283770
:108A2800BD4680BD0400010080B588B002AFF86083
:108A38007A603B600B467B81FB68DB6A7B617B6904
:108A4800082B06D07B69012B03D07B6913F5803F87
:108A580008D1FB681B681A68FB681B6842F48072BF
:108A68001A600BE0FB681B6B122B07D1FB681B68B5
:108A78001A68FB681B6842F480721A603B680093AE
:108A88007B6800224FF00111F86800F0F9F80346FE
:108A9800002B01D0012335E0FB681B69B3F5804F3B
:108AA80008D17B89DBB21A46FB681B6802F0FE021C
:108AB8001A611BE07B89DB11DBB203F00603DBB232
:108AC80063F00F03DAB2FB681B681A613B687A68C7
:108AD8000E49F86800F02BF90346002B01D001235A
:108AE80010E07B89DAB2FB681B681A613B687A6818
:108AF8000749F86800F01BF90346002B01D0012351
:108B080000E0002318461837BD4680BD0800010064
:108B18000200010080B588B002AFF8607A603B605F
:108B28000B467B81FB68DB6A7B61FB681B681A6804
:108B3800FB681B6842F480621A607B69082B06D0C8
:108B48007B69012B03D07B6913F5803F08D1FB6853
:108B58001B681A68FB681B6842F480721A600BE095
:108B6800FB681B6B112B07D1FB681B681A68FB6835
:108B78001B6842F480721A603B6800937B6800228D
:108B88004FF00111F86800F07BF80346002B01D084
:108B980001236DE0FB681B69B3F5804F08D17B8921
:108BA800DBB243F00103DAB2FB681B681A6153E0D9
:108BB8007B89DB11DBB203F00603DBB263F00F0342
:108BC800DAB2FB681B681A613B687A682A49F86858
:108BD80000F0ADF80346002B01D0012348E07B8963
:108BE800DAB2FB681B681A613B687A682349F8683F
:108BF80000F09DF80346002B01D0012338E0002344
:108C08003B61FB681B685B693B61FB681B689B6990
:108C18003B613B69FB681B681A68FB681B6842F488
:108C280080721A603B6800937B6800224FF0011144
:108C3800F86800F025F80346002B01D0012317E05F
:108C48007B89DB11DBB203F00603DBB263F00E03B2
:108C5800DAB2FB681B681A613B687A680749F868EA
:108C680000F065F80346002B01D0012300E0002343
:108C780018461837BD4680BD0800010002000100F3
:108C880080B584B000AFF860B9603B601346FB71F3
:108C980025E03B68B3F1FF3F21D0FDF7D5FB024645
:108CA800BB69D31A3A689A4202D33B68002B16D1A3
:108CB800FB6800221A63FB68202283F83D20FB68CA
:108CC800002283F83E20FB681B6C43F02002FB68FF
:108CD8001A64FB68002283F83C20012323E0BB6868
:108CE8001B0CDBB2012B0DD1FB681B685B69DA43F7
:108CF800BB6813409BB2002B0CBF01230023DBB2DF
:108D08001A460CE0FB681B689B69DA43BB68134092
:108D18009BB2002B0CBF01230023DBB21A46FB7960
:108D28009A42B6D0002318461037BD4680BD80B59C
:108D380084B000AFF860B9607A603B6051E0FB68CE
:108D48001B685B6903F48063B3F5806F23D1FB680C
:108D58001B681A68FB681B6842F400721A60FB689B
:108D68001B686FF480625A61FB6800221A63FB6813
:108D7800202283F83D20FB68002283F83E20FB6810
:108D88001B6C43F00402FB681A64FB68002283F83A
:108D98003C20012346E07B68B3F1FF3F21D0FDF77B
:108DA80053FB02463B68D31A7A689A4202D37B681F
:108DB800002B16D1FB6800221A63FB68202283F877
:108DC8003D20FB68002283F83E20FB681B6C43F0C3
:108DD8002002FB681A64FB68002283F83C20012308
:108DE80020E0BB681B0CDBB2012B0CD1FB681B68B5
:108DF8005B69DA43BB6813409BB2002B14BF0123A5
:108E08000023DBB20BE0FB681B689B69DA43BB6895
:108E180013409BB2002B14BF01230023DBB2002BAD
:108E28008DD1002318461037BD4680BD80B584B06B
:108E380000AFF860B9607A602DE0F86800F0CEF80D
:108E48000346002B01D001232DE0BB68B3F1FF3F9F
:108E580021D0FDF7F9FA02467B68D31ABA689A421C
:108E680002D3BB68002B16D1FB6800221A63FB688B
:108E7800202283F83D20FB68002283F83E20FB680F
:108E88001B6C43F02002FB681A64FB68002283F81D
:108E98003C20012307E0FB681B685B6903F0800343
:108EA800802BCAD1002318461037BD4680BD80B537
:108EB80084B000AFF860B9607A602DE0F86800F01F
:108EC8008DF80346002B01D001232DE0BB68B3F1D8
:108ED800FF3F21D0FDF7B8FA02467B68D31ABA687B
:108EE8009A4202D3BB68002B16D1FB6800221A6392
:108EF800FB68202283F83D20FB68002283F83E208F
:108F0800FB681B6C43F02002FB681A64FB680022B4
:108F180083F83C20012307E0FB681B685B6903F0CA
:108F28000403042BCAD1002318461037BD4680BD60
:108F380080B584B000AFF860B9607A6042E0FB6841
:108F48001B685B6903F01003102B19D1FB681B68C1
:108F58006FF010025A61FB6800221A63FB68202236
:108F680083F83D20FB68002283F83E20FB681A6CDA
:108F7800FB681A64FB68002283F83C20012329E07F
:108F8800FDF762FA02467B68D31ABA689A4202D39E
:108F9800BB68002B16D1FB6800221A63FB682022ED
:108FA80083F83D20FB68002283F83E20FB681B6C99
:108FB80043F02002FB681A64FB68002283F83C2017
:108FC800012307E0FB681B685B6903F04003402B43
:108FD800B5D1002318461037BD4680BD80B483B094
:108FE80000AF78607B681B685B6903F48063B3F546
:108FF800806F1BD17B681B686FF480625A617B6845
:1090080000221A637B68202283F83D207B680022B7
:1090180083F83E207B681B6C43F004027B681A646B
:109028007B68002283F83C20012300E000231846D7
:109038000C37BD4680BC704780B584B000AF7860FF
:109048007B68002B01D101232BE07B681B684CF661
:10905800CC421A607B681B6845F255521A607B68DF
:109068001B687A6852685A607B681B687A689268DD
:109078009A60FDF7E9F9F86008E0FDF7E5F90246BE
:10908800FB68D31A302B01D903230AE07B681B68DD
:10909800DB68002BF1D17B681B684AF6AA221A60AC
:1090A800002318461037BD4680BD80B483B000AF9A
:1090B80078607B681B684AF6AA221A600023184663
:1090C8000C37BD4680BC704780B586B000AF78606D
:1090D8007B68002B01D101236CE27B681B6803F0DD
:1090E8000103002B00F08780924B5B6803F00C03B0
:1090F800042B0CD08F4B5B6803F00C03082B12D1A8
:109108008C4B5B6803F48033B3F5803F0BD1894BFC
:109118001B6803F40033002B6CD07B685B68002B62
:1091280068D1012346E27B685B68B3F5803F06D1CE
:10913800804B1B687F4A43F4803313602EE07B68C2
:109148005B68002B0CD17B4B1B687A4A23F4803375
:109158001360784B1B68774A23F4802313601DE063
:109168007B685B68B3F5A02F0CD1724B1B68714A02
:1091780043F4802313606F4B1B686E4A43F48033BB
:1091880013600BE06B4B1B686A4A23F4803313604F
:10919800684B1B68674A23F4802313607B685B680D
:1091A800002B13D0FDF750F9386108E0FDF74CF9B2
:1091B80002463B69D31A642B01D90323FAE15D4BBC
:1091C8001B6803F40033002BF0D014E0FDF73CF9E2
:1091D800386108E0FDF738F902463B69D31A642B79
:1091E80001D90323E6E1534B1B6803F40033002B3A
:1091F800F0D100E000BF7B681B6803F00203002B7E
:1092080063D04C4B5B6803F00C03002B0BD0494B2D
:109218005B6803F00C03082B1CD1464B5B6803F416
:109228008033002B16D1434B1B6803F00203002B3D
:1092380005D07B681B69012B01D00123BAE13D4BA6
:109248001B6823F0F8027B685B69DB00394913432C
:109258000B603AE07B681B69002B20D0364B01225B
:109268001A60FDF7F1F8386108E0FDF7EDF80246FD
:109278003B69D31A022B01D903239BE12D4B1B68B1
:1092880003F00203002BF0D02A4B1B6823F0F802EE
:109298007B685B69DB00274913430B6015E0264BAD
:1092A80000221A60FDF7D0F8386108E0FDF7CCF825
:1092B80002463B69D31A022B01D903237AE11D4BDD
:1092C8001B6803F00203002BF0D17B681B6803F0D6
:1092D8000803002B3AD07B689B69002B19D0174BE9
:1092E80001221A60FDF7B0F8386108E0FDF7ACF824
:1092F80002463B69D31A022B01D903235AE10D4BCD
:109308005B6A03F00203002BF0D0012000F0DAFAC8
:109318001CE00A4B00221A60FDF796F838610FE04E
:10932800FDF792F802463B69D31A022B08D90323AA
:1093380040E100BF00100240000042428004424267
:109348009E4B5B6A03F00203002BE9D17B681B6824
:1093580003F00403002B00F0A6800023FB75974B55
:10936800DB6903F08053002B0DD1944BDB69934AE2
:1093780043F08053D361914BDB6903F08053BB60AA
:10938800BB680123FB758E4B1B6803F48073002BAD
:1093980018D18B4B1B688A4A43F480731360FDF71E
:1093A80053F8386108E0FDF74FF802463B69D31AD5
:1093B800642B01D90323FDE0814B1B6803F4807300
:1093C800002BF0D07B68DB68012B06D17B4B1B6A36
:1093D8007A4A43F0010313622DE07B68DB68002BB7
:1093E8000CD1764B1B6A754A23F001031362734B49
:1093F8001B6A724A23F0040313621CE07B68DB6873
:10940800052B0CD16D4B1B6A6C4A43F004031362A5
:109418006A4B1B6A694A43F0010313620BE0674B0E
:109428001B6A664A23F001031362644B1B6A634A92
:1094380023F0040313627B68DB68002B15D0FDF76B
:1094480003F838610AE0FCF7FFFF02463B69D31ACC
:1094580041F28832934201D90323ABE0574B1B6A90
:1094680003F00203002BEED014E0FCF7EDFF3861A7
:109478000AE0FCF7E9FF02463B69D31A41F2883259
:10948800934201D9032395E04C4B1B6A03F0020376
:10949800002BEED1FB7D012B05D1484BDB69474AF8
:1094A80023F08053D3617B68DB69002B00F0818057
:1094B800424B5B6803F00C03082B61D07B68DB69C7
:1094C800022B46D13F4B00221A60FCF7BDFF3861E2
:1094D80008E0FCF7B9FF02463B69D31A022B01D911
:1094E800032367E0354B1B6803F00073002BF0D1B2
:1094F8007B681B6AB3F5803F08D1304B5B6823F467
:1095080000327B689B682D4913434B602B4B5B688B
:1095180023F474127B68196A7B685B6A0B432749DA
:1095280013434B60274B01221A60FCF78DFF38610B
:1095380008E0FCF789FF02463B69D31A022B01D9E0
:10954800032337E01D4B1B6803F00073002BF0D09A
:109558002FE01C4B00221A60FCF776FF386108E008
:10956800FCF772FF02463B69D31A022B01D9032389
:1095780020E0124B1B6803F00073002BF0D118E0B9
:109588007B68DB69012B01D1012313E00B4B5B687E
:10959800FB60FB6803F480327B681B6A9A4206D141
:1095A800FB6803F470127B685B6A9A4201D001235E
:1095B80000E0002318461837BD4680BD0010024061
:1095C800007000406000424280B584B000AF78600F
:1095D80039607B68002B01D10123D0E06A4B1B68FE
:1095E80003F007033A689A4210D9674B1B6823F0C7
:1095F800070265493B6813430B60634B1B6803F024
:1096080007033A689A4201D00123B8E07B681B68D7
:1096180003F00203002B20D07B681B6803F00403CF
:10962800002B05D0594B5B68584A43F4E0635360FC
:109638007B681B6803F00803002B05D0534B5B685D
:10964800524A43F460535360504B5B6823F0F00276
:109658007B689B684D4913434B607B681B6803F02C
:109668000103002B40D07B685B68012B07D1474B77
:109678001B6803F40033002B15D101237FE07B68BE
:109688005B68022B07D1414B1B6803F00073002B6A
:1096980009D1012373E03D4B1B6803F00203002B43
:1096A80001D101236BE0394B5B6823F003027B682F
:1096B8005B68364913434B60FCF7C6FEF8600AE066
:1096C800FCF7C2FE0246FB68D31A41F28832934285
:1096D80001D9032353E02D4B5B6803F00C027B6830
:1096E8005B689B009A42EBD1274B1B6803F007038A
:1096F8003A689A4210D2244B1B6823F00702224989
:109708003B6813430B60204B1B6803F007033A6860
:109718009A4201D0012332E07B681B6803F00403FE
:10972800002B08D0194B5B6823F4E0627B68DB6888
:10973800164913434B607B681B6803F00803002B32
:1097480009D0124B5B6823F460527B681B69DB000D
:109758000E4913434B6000F021F801460B4B5B6840
:109768001B0903F00F030A4AD35C21FA03F3094AE1
:109778001360094B1B681846FCF724FE00231846A3
:109788001037BD4680BD00BF0020024000100240D7
:10979800948E0108F40200200000002090B48AB0E2
:1097A80000AF2A4B3C1D0FCB84E80F00284B1B88C9
:1097B8003B800023FB610023BB6100237B62002305
:1097C8007B6100233B62234B5B68FB61FB6903F011
:1097D8000C03042B02D0082B03D02DE01E4B3B6258
:1097E8002DE0FB699B0C03F00F0307F128021344DB
:1097F80013F8243C7B61FB6903F48033002B13D0FE
:10980800144B5B685B0C03F0010307F12802134457
:1098180013F8283CBB617B690F4A02FB03F2BB6962
:10982800B2FBF3F37B6204E07B690C4A02FB03F3AF
:109838007B627B6A3B6202E0074B3B6200BF3B6A8C
:1098480018462837BD4690BC704700BF38820108CB
:10985800488201080010024000127A0000093D0009
:1098680080B400AF024B1B681846BD4680BC7047E9
:10987800F402002080B500AFFFF7F2FF0146054B68
:109888005B681B0A03F00703034AD35C21FA03F35E
:10989800184680BD00100240A48E010880B500AFB4
:1098A800FFF7DEFF0146054B5B68DB0A03F00703A1
:1098B800034AD35C21FA03F3184680BD0010024026
:1098C800A48E010880B485B000AF78600A4B1B688D
:1098D8000A4AA2FB03235B0A7A6802FB03F3FB60D4
:1098E80000BFFB685A1EFA60002BF9D100BF14377D
:1098F800BD4680BC704700BFF4020020D34D621003
:1099080080B586B000AF786000233B610023FB6020
:109918007B681B6803F00103002B7DD00023FB75D7
:109928004F4BDB6903F08053002B0DD14C4BDB69A7
:109938004B4A43F08053D361494BDB6903F08053B2
:10994800BB60BB680123FB75464B1B6803F480733F
:10995800002B18D1434B1B68424A43F480731360B1
:10996800FCF772FD386108E0FCF76EFD02463B69C2
:10997800D31A642B01D903236DE03A4B1B6803F417
:109988008073002BF0D0364B1B6A03F44073FB60E6
:10999800FB68002B2ED07B685B6803F44073FA6881
:1099A8009A4227D02E4B1B6A23F44073FB602E4B40
:1099B80001221A602C4B00221A60294AFB681362A4
:1099C800FB6803F00103002B14D0FCF73DFD386160
:1099D8000AE0FCF739FD02463B69D31A41F28832A6
:1099E800934201D9032336E01D4B1B6A03F002039F
:1099F800002BEED01A4B1B6A23F440727B685B681D
:109A0800174913430B62FB7D012B05D1144BDB690E
:109A1800134A23F08053D3617B681B6803F0020369
:109A2800002B08D00E4B5B6823F440427B689B6890
:109A38000B4913434B607B681B6803F01003002B32
:109A480008D0074B5B6823F480027B685B69044994
:109A580013434B60002318461837BD4680BD00BF2E
:109A680000100240007000404004424280B582B0BD
:109A780000AF78607B68002B01D1012353E07B683D
:109A880000229A627B6893F85130DBB2002B06D132
:109A98007B68002283F8502078680BF061FF7B68B0
:109AA800022283F851207B681B681A687B681B6850
:109AB80022F040021A607B685A687B689B681A43E8
:109AC8007B68DB681A437B681B691A437B685B69A0
:109AD8001A437B689B6903F400731A437B68DB694C
:109AE8001A437B681B6A42EA03017B689A6A7B68AF
:109AF8001B680A431A607B689B691A0C7B681B68A1
:109B080002F004025A607B681B68DA697B681B688C
:109B180022F40062DA617B6800225A657B680122C0
:109B280083F85120002318460837BD4680BD80B50C
:109B380088B000AFF860B9603B601346FB80002333
:109B4800FB77FB6893F85030012B01D102231EE10B
:109B5800FB68012283F85020FCF776FCB861FB888B
:109B6800FB82FB6893F85130DBB2012B02D0022351
:109B7800FB7703E1BB68002B02D0FB88002B02D1E6
:109B88000123FB77FAE0FB68032283F85120FB6886
:109B980000225A65FB68BA681A63FB68FA889A86D5
:109BA800FB68FA88DA86FB6800229A63FB68002261
:109BB8009A87FB680022DA87FB6800225A64FB68F0
:109BC80000221A64FB689B68B3F5004F07D1FB6855
:109BD8001B681A68FB681B6842F480421A60FB68BD
:109BE8001B681B6803F04003402B07D0FB681B6809
:109BF8001A68FB681B6842F040021A60FB68DB6861
:109C0800B3F5006F4BD1FB685B68002B02D0FB8A71
:109C1800012B3ED1FB681B6B1A88FB681B68DA6056
:109C2800FB681B6B9A1CFB681A63FB68DB8E9BB294
:109C3800013B9AB2FB68DA862BE0FB681B689B68DD
:109C480003F00203022B12D1FB681B6B1A88FB6816
:109C58001B68DA60FB681B6B9A1CFB681A63FB685D
:109C6800DB8E9BB2013B9AB2FB68DA8611E0FCF707
:109C7800EBFB0246BB69D31A3A689A4203D83B68A1
:109C8800B3F1FF3F02D13B68002B02D10323FB77DE
:109C980074E0FB68DB8E9BB2002BCED14CE0FB68F6
:109CA8005B68002B02D0FB8A012B40D1FB681A6B42
:109CB800FB681B680C3312781A70FB681B6B5A1C04
:109CC800FB681A63FB68DB8E9BB2013B9AB2FB68A8
:109CD800DA862CE0FB681B689B6803F00203022B02
:109CE80013D1FB681A6BFB681B680C3312781A7067
:109CF800FB681B6B5A1CFB681A63FB68DB8E9BB204
:109D0800013B9AB2FB68DA8611E0FCF79DFB02463C
:109D1800BB69D31A3A689A4203D83B68B3F1FF3F4C
:109D280002D13B68002B02D10323FB7726E0FB68B6
:109D3800DB8E9BB2002BCDD1BA693968F86800F088
:109D480091FB0346002B02D0FB6820225A65FB6872
:109D58009B68002B0AD100233B61FB681B68DB680A
:109D68003B61FB681B689B683B613B69FB685B6DFB
:109D7800002B02D00123FB7700E000BFFB68012223
:109D880083F85120FB68002283F85020FB7F184697
:109D98002037BD4680BD80B588B002AFF860B96095
:109DA8003B601346FB800023FB75FB685B68B3F5DB
:109DB800827F12D1FB689B68002B0ED1FB680422BE
:109DC80083F85120FA883B6800931346BA68B9684B
:109DD800F86800F0E9F80346E2E0FB6893F85030D1
:109DE800012B01D10223DBE0FB68012283F850201C
:109DF800FCF72AFB3861FB6893F85130DBB2012B82
:109E080002D00223FB75C2E0BB68002B02D0FB889E
:109E1800002B02D10123FB75B9E0FB68042283F80B
:109E28005120FB6800225A65FB68BA689A63FB6890
:109E3800FA889A87FB68FA88DA87FB6800221A632F
:109E4800FB6800229A86FB680022DA86FB680022FB
:109E58001A64FB6800225A64FB689B68B3F5004FDC
:109E680007D1FB681B681A68FB681B6822F48042EC
:109E78001A60FB681B681B6803F04003402B07D07F
:109E8800FB681B681A68FB681B6842F040021A608E
:109E9800FB68DB68002B62D12EE0FB681B689B68BF
:109EA80003F00103012B15D1FB681B6803F10C02B9
:109EB800FB689B6B1278D2B21A70FB689B6B5A1CBA
:109EC800FB689A63FB68DB8F9BB2013B9AB2FB6825
:109ED800DA8711E0FCF7B8FA02463B69D31A3A6808
:109EE8009A4203D83B68B3F1FF3F02D13B68002B8D
:109EF80002D10323FB754AE0FB68DB8F9BB2002B82
:109F0800CBD131E0FB681B689B6803F00103012B90
:109F180013D1FB681B68DA68FB689B6B92B21A80E6
:109F2800FB689B6B9A1CFB689A63FB68DB8F9BB290
:109F3800013B9AB2FB68DA8711E0FCF785FA024622
:109F48003B69D31A3A689A4203D83B68B3F1FF3F9A
:109F580002D13B68002B02D10323FB7517E0FB6895
:109F6800DB8F9BB2002BCDD13A693968F86800F0D5
:109F780027FA0346002B02D0FB6820225A65FB68AB
:109F88005B6D002B02D00123FB7500E000BFFB686E
:109F9800012283F85120FB68002283F85020FB7DC2
:109FA80018461837BD4680BD80B58CB000AFF86044
:109FB800B9607A607B800123FB62002387F82B302D
:109FC800FB6893F85030012B01D102238AE1FB682A
:109FD800012283F85020FCF737FA7862FB6893F87F
:109FE800513087F82330FB685B68FB617B887B8393
:109FF80097F82330012B0FD0FB69B3F5827F07D187
:10A00800FB689B68002B03D197F82330042B03D0FF
:10A01800022387F82B305BE1BB68002B05D07B68F7
:10A02800002B02D07B88002B03D1012387F82B302B
:10A038004EE1FB6893F85130DBB2042B03D0FB6888
:10A04800052283F85120FB6800225A65FB687A686C
:10A058009A63FB687A88DA87FB687A889A87FB684C
:10A06800BA681A63FB687A88DA86FB687A889A86FF
:10A07800FB6800221A64FB6800225A64FB681B68AC
:10A088001B6803F04003402B07D0FB681B681A6865
:10A09800FB681B6842F040021A60FB68DB68B3F596
:10A0A800006F78D1FB685B68002B02D07B8B012B9B
:10A0B80066D1FB681B6B1A88FB681B68DA60FB6853
:10A0C8001B6B9A1CFB681A63FB68DB8E9BB2013B17
:10A0D8009AB2FB68DA8653E0FB681B689B6803F05A
:10A0E8000203022B1BD1FB68DB8E9BB2002B16D020
:10A0F800FB6A012B13D1FB681B6B1A88FB681B6872
:10A10800DA60FB681B6B9A1CFB681A63FB68DB8EC2
:10A118009BB2013B9AB2FB68DA860023FB62FB68BC
:10A128001B689B6803F00103012B19D1FB68DB8FC7
:10A138009BB2002B14D0FB681B68DA68FB689B6B2A
:10A1480092B21A80FB689B6B9A1CFB689A63FB6847
:10A15800DB8F9BB2013B9AB2FB68DA870123FB6273
:10A16800FCF772F902467B6AD31ABA6B9A4207D88F
:10A17800BB6BB3F1FF3F03D0032387F82B30A7E075
:10A18800FB68DB8E9BB2002BA6D1FB68DB8F9BB2F2
:10A19800002BA1D17CE0FB685B68002B02D07B8B95
:10A1A800012B6BD1FB681A6BFB681B680C331278A8
:10A1B8001A70FB681B6B5A1CFB681A63FB68DB8E02
:10A1C8009BB2013B9AB2FB68DA8657E0FB681B68D2
:10A1D8009B6803F00203022B1CD1FB68DB8E9BB249
:10A1E800002B17D0FB6A012B14D1FB681A6BFB6894
:10A1F8001B680C3312781A70FB681B6B5A1CFB68BF
:10A208001A63FB68DB8E9BB2013B9AB2FB68DA8665
:10A218000023FB62FB681B689B6803F00103012BAA
:10A2280019D1FB68DB8F9BB2002B14D0FB681B682D
:10A23800DA68FB689B6BD2B21A70FB689B6B5A1C7E
:10A24800FB689A63FB68DB8F9BB2013B9AB2FB68A1
:10A25800DA870123FB62FCF7F7F802467B6AD31A18
:10A26800BA6B9A4203D8BB6BB3F1FF3F02D1BB6B09
:10A27800002B03D1032387F82B3029E0FB68DB8E02
:10A288009BB2002BA2D1FB68DB8F9BB2002B9DD128
:10A298007A6AB96BF86800F0E5F80346002B06D037
:10A2A800012387F82B30FB6820225A6510E0FB68F1
:10A2B8009B68002B0BD100237B61FB681B68DB6864
:10A2C8007B61FB681B689B687B617B6900E000BF62
:10A2D800FB68012283F85120FB68002283F8502094
:10A2E80097F82B3018463037BD4680BD80B584B00E
:10A2F80000AFF860B9603B601346FB714CE03B6807
:10A30800B3F1FF3F48D0FCF79FF80246BB69D31A68
:10A318003A689A4202D93B68002B3DD1FB681B681A
:10A328005A68FB681B6822F0E0025A60FB685B68A9
:10A33800B3F5827F11D1FB689B68B3F5004F04D059
:10A34800FB689B68B3F5806F07D1FB681B681A68C8
:10A35800FB681B6822F040021A60FB689B6AB3F531
:10A36800005F0FD1FB681B681A68FB681B6822F442
:10A3780000521A60FB681B681A68FB681B6842F485
:10A3880000521A60FB68012283F85120FB68002202
:10A3980083F8502003230FE0FB681B689A68BB68AA
:10A3A8001340BA689A420CBF01230023DBB21A4655
:10A3B800FB799A42A3D1002318461037BD4680BDC9
:10A3C80080B586B002AFF860B9607A60FB685B68F8
:10A3D800B3F5827F11D1FB689B68B3F5004F04D0B9
:10A3E800FB689B68B3F5806F07D1FB681B681A6828
:10A3F800FB681B6822F040021A60FB685B68B3F5D3
:10A40800827F17D1FB689B68B3F5806F12D17B6898
:10A418000093BB6800220121F868FFF767FF034635
:10A42800002B1AD0FB685B6D43F02002FB685A656D
:10A43800032313E07B680093BB6800228021F8683F
:10A44800FFF754FF0346002B07D0FB685B6D43F012
:10A458002002FB685A65032300E0002318461037E2
:10A46800BD4680BD80B586B002AFF860B9607A603D
:10A478007B680093BB6800228021F868FFF736FFED
:10A488000346002B07D0FB685B6D43F02002FB6896
:10A498005A65032300E0002318461037BD4680BDE7
:10A4A80080B582B000AF78607B68002B01D10123B2
:10A4B8001DE07B6893F83D30DBB2002B06D17B684A
:10A4C800002283F83C2078680BF0ACF97B68022204
:10A4D80083F83D207B681A687B6804331946104668
:10A4E80000F058F97B68012283F83D2000231846C4
:10A4F8000837BD4680BD80B485B000AF78607B6802
:10A508001B68DA687B681B6842F00102DA607B68C6
:10A518001B689B6803F00703FB60FB68062B07D0EA
:10A528007B681B681A687B681B6842F001021A6026
:10A53800002318461437BD4680BC704780B582B0EA
:10A5480000AF78607B681B681B6903F00203022B6D
:10A5580022D17B681B68DB6803F00203022B1BD146
:10A568007B681B686FF002021A617B6801221A7708
:10A578007B681B689B6903F00303002B03D0786892
:10A5880000F0EDF805E0786800F0E0F8786800F091
:10A59800EFF87B6800221A777B681B681B6903F059
:10A5A8000403042B22D17B681B68DB6803F00403D7
:10A5B800042B1BD17B681B686FF004021A617B684F
:10A5C80002221A777B681B689B6903F44073002B8F
:10A5D80003D0786800F0C3F805E0786800F0B6F8B2
:10A5E800786800F0C5F87B6800221A777B681B68DA
:10A5F8001B6903F00803082B22D17B681B68DB6802
:10A6080003F00803082B1BD17B681B686FF0080256
:10A618001A617B6804221A777B681B68DB6903F080
:10A628000303002B03D0786800F099F805E07868F8
:10A6380000F08CF8786800F09BF87B6800221A77A5
:10A648007B681B681B6903F01003102B22D17B6801
:10A658001B68DB6803F01003102B1BD17B681B6899
:10A668006FF010021A617B6808221A777B681B68F2
:10A67800DB6903F44073002B03D0786800F06FF8AF
:10A6880005E0786800F062F8786800F071F87B6897
:10A6980000221A777B681B681B6903F00103012BF2
:10A6A8000ED17B681B68DB6803F00103012B07D11F
:10A6B8007B681B686FF001021A61786809F0BCFEBC
:10A6C8007B681B681B6903F08003802B0ED17B68B5
:10A6D8001B68DB6803F08003802B07D17B681B684D
:10A6E8006FF080021A61786800F0D7F87B681B6801
:10A6F8001B6903F04003402B0ED17B681B68DB68A5
:10A7080003F04003402B07D17B681B686FF04002C1
:10A718001A61786800F035F87B681B681B6903F0DC
:10A728002003202B0ED17B681B68DB6803F0200315
:10A73800202B07D17B681B686FF020021A617868AC
:10A7480000F0A2F800BF0837BD4680BD80B483B0D2
:10A7580000AF786000BF0C37BD4680BC704780B43E
:10A7680083B000AF786000BF0C37BD4680BC70472F
:10A7780080B483B000AF786000BF0C37BD4680BCA2
:10A78800704780B483B000AF786000BF0C37BD4617
:10A7980080BC704780B485B000AF786039607B6852
:10A7A8001B68FB607B68334A934213D07B68324A4C
:10A7B80093420FD07B68B3F1804F0BD07B682F4A50
:10A7C800934207D07B682E4A934203D07B682D4A78
:10A7D800934208D1FB6823F07003FB603B685B6819
:10A7E800FA681343FB607B68224A934213D07B6864
:10A7F800214A93420FD07B68B3F1804F0BD07B681E
:10A808001E4A934207D07B681D4A934203D07B6857
:10A818001C4A934208D1FB6823F44073FB603B68F1
:10A82800DB68FA681343FB60FB6823F080023B682F
:10A838005B691343FB607B68FA681A603B689A6837
:10A848007B68DA623B681A687B689A627B68094AA7
:10A85800934203D07B68084A934203D13B681A6944
:10A868007B681A637B6801225A6100BF1437BD46B2
:10A8780080BC7047002C01400034014000040040B7
:10A8880000080040000C004080B483B000AF78603E
:10A8980000BF0C37BD4680BC704780B483B000AFA2
:10A8A800786000BF0C37BD4680BC704780B582B069
:10A8B80000AF78607B68002B01D101233FE07B6803
:10A8C80093F83930DBB2002B06D17B68002283F87D
:10A8D800382078680AF0E8FD7B68242283F839205C
:10A8E8007B681B68DA687B681B6822F40052DA60B0
:10A8F800786800F059FB7B681B681A697B681B68DD
:10A9080022F490421A617B681B685A697B681B684D
:10A9180022F02A025A617B681B68DA687B681B6828
:10A9280042F40052DA607B680022DA637B682022F6
:10A9380083F839207B68202283F83A2000231846C0
:10A948000837BD4680BD80B582B000AF78607B68AF
:10A95800002B01D101231EE07B68242283F83920D3
:10A968007B681B68DA687B681B6822F40052DA602F
:10A9780078680AF0CBFE7B680022DA637B680022E5
:10A9880083F839207B68002283F83A207B6800220C
:10A9980083F83820002318460837BD4680BD80B5A7
:10A9A80088B002AFF860B9603B601346FB800023B3
:10A9B8007B61FB6893F83930DBB2202B40F0838051
:10A9C800BB68002B02D0FB88002B01D101237BE060
:10A9D800FB6893F83830012B01D1022374E0FB683F
:10A9E800012283F83820FB680022DA63FB68212201
:10A9F80083F83920FBF728FD7861FB68FA889A8488
:10AA0800FB68FA88DA8442E0FB68DB8C9BB2013B86
:10AA18009AB2FB68DA84FB689B68B3F5805F22D141
:10AA28003B6800937B6900228021F86800F0D4F924
:10AA38000346002B01D0032346E0BB683B613B691A
:10AA48001B881A46FB681B68C2F308025A60FB6839
:10AA58001B69002B03D1BB680233BB6017E0BB68DE
:10AA68000133BB6013E03B6800937B6900228021BF
:10AA7800F86800F0B1F90346002B01D0032323E066
:10AA8800BB685A1CBA601A78FB681B685A60FB6876
:10AA9800DB8C9BB2002BB7D13B6800937B6900220B
:10AAA8004021F86800F098F90346002B01D00323F1
:10AAB8000AE0FB68202283F83920FB68002283F82B
:10AAC8003820002300E0022318461837BD4680BD11
:10AAD80080B485B000AFF860B9601346FB80FB68AE
:10AAE80093F83930DBB2202B30D1BB68002B02D071
:10AAF800FB88002B01D1012329E0FB6893F838304B
:10AB0800012B01D1022322E0FB68012283F83820BF
:10AB1800FB68BA681A62FB68FA889A84FB68FA8844
:10AB2800DA84FB680022DA63FB68212283F8392083
:10AB3800FB68002283F83820FB681B68DA68FB682A
:10AB48001B6842F08002DA60002300E00223184606
:10AB58001437BD4680BC704780B485B000AFF8603C
:10AB6800B9601346FB80FB6893F83A30DBB2202BC0
:10AB780030D1BB68002B02D0FB88002B01D1012308
:10AB880029E0FB6893F83830012B01D1022322E039
:10AB9800FB68012283F83820FB68BA689A62FB6870
:10ABA800FA889A85FB68FA88DA85FB680022DA63F6
:10ABB800FB68222283F83A20FB68002283F83820B9
:10ABC800FB681B68DA68FB681B6842F02002DA60E1
:10ABD800002300E0022318461437BD4680BC7047A6
:10ABE80080B588B000AF78607B681B681B68FB6124
:10ABF8007B681B68DB68BB617B681B685B697B6182
:10AC080000233B610023FB60FB6903F00F033B61FA
:10AC18003B69002B0DD1FB6903F02003002B08D002
:10AC2800BB6903F02003002B03D0786809F02CFDE2
:10AC3800CCE03B69002B00F0AB807B6903F001039B
:10AC4800002B05D1BB6903F49073002B00F0A080A2
:10AC5800FB6903F00103002B0AD0BB6903F480737E
:10AC6800002B05D07B68DB6B43F001027B68DA635D
:10AC7800FB6903F00403002B0AD07B6903F001038E
:10AC8800002B05D07B68DB6B43F002027B68DA633C
:10AC9800FB6903F00203002B0AD07B6903F0010370
:10ACA800002B05D07B68DB6B43F004027B68DA631A
:10ACB800FB6903F00803002B0AD07B6903F001034A
:10ACC800002B05D07B68DB6B43F008027B68DA63F6
:10ACD8007B68DB6B002B78D0FB6903F02003002B2B
:10ACE80007D0BB6903F02003002B02D0786809F075
:10ACF800CBFC7B681B685B6903F04003002B14BF27
:10AD080001230023DBB2FB607B68DB6B03F00803E5
:10AD1800002B02D1FB68002B31D0786800F0A6F830
:10AD28007B681B685B6903F04003002B23D07B68BA
:10AD38001B685A697B681B6822F040025A617B686D
:10AD48005B6B002B13D07B685B6B224A5A637B6872
:10AD58005B6B1846FCF7C8FA0346002B16D07B68D5
:10AD68005B6B5B6B7A68526B104698470EE07868AD
:10AD780009F020FC0AE0786809F01CFC06E0786815
:10AD880009F018FC7B680022DA631EE000BF1CE0B3
:10AD9800FB6903F08003002B08D0BB6903F0800334
:10ADA800002B03D0786800F092F80FE0FB6903F0FD
:10ADB8004003002B0AD0BB6903F04003002B05D0E9
:10ADC800786800F0D9F800BF00E000BF2037BD4622
:10ADD80080BD00BFAFAE000880B584B000AFF8609A
:10ADE800B9603B601346FB712CE0BB69B3F1FF3FD0
:10ADF80028D0BB69002B07D0FBF726FB02463B682F
:10AE0800D31ABA699A421DD2FB681B68DA68FB68D4
:10AE18001B6822F4D072DA60FB681B685A69FB6809
:10AE28001B6822F001025A61FB68202283F839204E
:10AE3800FB68202283F83A20FB68002283F8382038
:10AE480003230FE0FB681B681A68BB681340BA68E5
:10AE58009A420CBF01230023DBB21A46FB799A42BF
:10AE6800C3D0002318461037BD4680BD80B483B0D8
:10AE780000AF78607B681B68DA687B681B6822F41F
:10AE88009072DA607B681B685A697B681B6822F0DD
:10AE980001025A617B68202283F83A2000BF0C37F0
:10AEA800BD4680BC704780B584B000AF78607B68D1
:10AEB8005B6AFB60FB680022DA85FB680022DA84A3
:10AEC800F86809F077FB00BF1037BD4680BD80B435
:10AED80085B000AF78607B6893F83930DBB2212BFE
:10AEE80044D17B689B68B3F5805F1AD17B681B6A85
:10AEF800FB60FB681B881A467B681B68C2F3080264
:10AF08005A607B681B69002B05D17B681B6A9A1CF9
:10AF18007B681A620EE07B681B6A5A1C7B681A629F
:10AF280008E07B681B6A591C7A6811621A787B688A
:10AF38001B685A607B68DB8C9BB2013B9BB27A68CA
:10AF48001946D184002B0FD17B681B68DA687B68AF
:10AF58001B6822F08002DA607B681B68DA687B680D
:10AF68001B6842F04002DA60002300E00223184622
:10AF78001437BD4680BC704780B582B000AF78609A
:10AF88007B681B68DA687B681B6822F04002DA601D
:10AF98007B68202283F83920786809F0FDFA0023BD
:10AFA80018460837BD4680BD80B584B000AF7860CC
:10AFB8007B681B681B6923F440517B68DA687B68EF
:10AFC8001B680A431A617B689A687B681B691A4385
:10AFD8007B685B691343FB607B681B68DB6823F451
:10AFE800B05323F00C037A681268F9680B43D360F6
:10AFF8007B681B685B6923F440717B689A697B688E
:10B008001B680A435A617B681B68524A93424ED1B7
:10B01800FEF744FCB860BA6813469B0013449A00D4
:10B028001A447B685B689B00B2FBF3F34A4AA2FBB5
:10B0380003235B091901BA6813469B0013449A005D
:10B048001A447B685B689B00B2FBF3F2424BA3FB9C
:10B0580002035B09642000FB03F3D31A1B0132339C
:10B068003D4AA2FB03235B0903F0F0031944BA68C5
:10B0780013469B0013449A001A447B685B689B0044
:10B08800B2FBF3F2344BA3FB02035B09642000FB21
:10B0980003F3D31A1B0132332F4AA2FB03235B09A4
:10B0A80003F00F027B681B680A449A604DE0FEF7C4
:10B0B800E1FBB860BA6813469B0013449A001A442F
:10B0C8007B685B689B00B2FBF3F3234AA2FB032374
:10B0D8005B091901BA6813469B0013449A001A4485
:10B0E8007B685B689B00B2FBF3F21B4BA3FB02037C
:10B0F8005B09642000FB03F3D31A1B013233164AA1
:10B10800A2FB03235B0903F0F0031944BA68134652
:10B118009B0013449A001A447B685B689B00B2FB4F
:10B12800F3F20D4BA3FB02035B09642000FB03F35E
:10B13800D31A1B013233084AA2FB03235B0903F02D
:10B148000F027B681B680A449A6000BF1037BD462F
:10B1580080BD00BF003801401F85EB5180B582B02B
:10B1680000AF0346FB71FB79002B02D109F03CF8D4
:10B1780001E009F045F800BF0837BD4680BD000072
:10B1880080B584B000AF0346FB710023FB7200203A
:10B19800FFF7E4FF0023FB8102E0FB890133FB8119
:10B1A800FB89092BF9D9FB79012B02D10623FB7204
:10B1B80001E00423FB7207F10B01C82301220948AF
:10B1C800FEF7B5FC0023BB8102E0BB890133BB81DC
:10B1D800BB89092BF9D90120FFF7C0FF00BF103741
:10B1E800BD4680BDB448002080B582B000AF0023C2
:10B1F800BB70AB23FB700020FFF7B0FF0023FB8080
:10B2080002E0FB880133FB80FB88B3F57A7FF8D333
:10B21800F91CC82301221348FEF789FCB91CC8236E
:10B2280001221048FEF7B7FDB91CC82301220D48BA
:10B23800FEF7B1FDB91CC82301220A48FEF7ABFD91
:10B248000023BB8002E0BB880133BB80BB88B3F519
:10B258007A7FF8D30120FFF781FFBB7818460837BB
:10B26800BD4680BDB448002080B500AF0120FFF77F
:10B2780075FFFFF7B9FF00F07FF80120FFF780FFA7
:10B2880000BF80BD80B586B000AF03463960FB8043
:10B298001346BB800120FFF773FF0023FB8202E007
:10B2A800FB8A0133FB820A22FB8A9342F8D30120EE
:10B2B800FFF754FF0020FFF751FF0023BB8202E095
:10B2C800BB8A0133BB820A22BB8A9342F8D302238A
:10B2D8007B7307F10D01C82301222648FEF727FCDE
:10B2E800FB881B0A9BB2DBB27B7307F10D01C823F5
:10B2F80001222048FEF71BFCFB88DBB27B7307F1B9
:10B308000D01C82301221B48FEF711FCBB8832221D
:10B3180002FB03F3BA8839681648FEF708FC0023D5
:10B328007B8202E07B8A01337B820A227B8A9342FA
:10B33800F8D30020FFF712FF0120FFF70FFF0023CB
:10B348003B8202E03B8A01333B823B8A42F20F7226
:10B358009342F7D90023FB8102E0FB890133FB818B
:10B36800FB8942F20F729342F7D900BF1837BD46E6
:10B3780080BD00BFB448002080B582B000AF002374
:10B38800FB710523FB710020FFF7E8FEF91DC823B8
:10B3980001220848FEF7CBFBB91DC8230122054846
:10B3A800FEF7F9FC0120FFF7D9FEBB7918460837EC
:10B3B800BD4680BDB448002080B584B000AF0346C8
:10B3C8003960FB801346BB800020FFF7C7FE0023CF
:10B3D800FB8102E0FB890133FB810A22FB8993424E
:10B3E800F8D30323FB7207F10B01C82301221A4883
:10B3F800FEF79DFBFB881B0A9BB2DBB2FB7207F1D1
:10B408000B01C82301221448FEF791FBFB88DBB22D
:10B41800FB7207F10B01C82301220F48FEF787FBD7
:10B42800BA8813461B019B1A5B00BA8839680A4818
:10B43800FEF7B1FC0023BB8102E0BB890133BB816D
:10B448000A22BB899342F8D30120FFF787FE002325
:10B4580018461037BD4680BDB448002080B483B07C
:10B4680000AF0023FB8007E0FB88404A002142F838
:10B478002310FB880133FB80FB880B2BF4D90023B6
:10B48800FB8025E0FB883A4A002142F82310FB881C
:10B49800384A002142F82310FB88374A002142F835
:10B4A8002310FB88354A002142F82310FB88344AD0
:10B4B800002142F82310FB88324A002142F8231069
:10B4C800FB88314A002142F82310FB880133FB80B6
:10B4D800FB88082BD6D90023FB8017E00023BB800C
:10B4E8000DE0FA88BB88294940F2131000FB02F2EC
:10B4F8001344002241F82320BB880133BB80BB885A
:10B50800B3F5897FEDD9FB880133FB80FB88082BD5
:10B51800E4D90023FB8021E00023BB800DE0FA88FA
:10B52800B9881B4813465B0013449B000B44002258
:10B5380040F82320BB880133BB80BB880B2BEED996
:10B54800FA88B988134813465B0013449B000B44E0
:10B55800002240F82320FB880133FB80FB88082B5E
:10B56800DAD900BF0C37BD4680BC7047C81300202D
:10B57800CC150020A0170020503F0020A03E00203E
:10B588002C3F0020083F0020A8150020C4170020E9
:10B59800F0150020F813002080B483B000AF786065
:10B5A800034B01221A7000BF0C37BD4680BC7047A0
:10B5B800F104002080B584B000AF3B1D00221A6062
:10B5C8005A609A60674B684A1A60664B4FF48072FB
:10B5D8009A60644B01221A73624B00221A75614B00
:10B5E8004FF46022DA615F4B00225A605D4B0C22F7
:10B5F8001A615C48FAF754FF0346002B01D009F0A2
:10B6080099FA00237B600123BB600423FB603B1D88
:10B6180019465448FBF726FA0346002B01D009F0D7
:10B6280089FA01237B600223BB603B1D19464D4804
:10B63800FBF718FA0346002B01D009F07BFA022326
:10B648007B600323BB603B1D19464648FBF70AFA9B
:10B658000346002B01D009F06DFA03237B60042315
:10B66800BB603B1D19463F48FBF7FCF90346002B1E
:10B6780001D009F05FFA04237B600523BB603B1D02
:10B6880019463848FBF7EEF90346002B01D009F0BC
:10B6980051FA05237B600623BB603B1D19463148E0
:10B6A800FBF7E0F90346002B01D009F043FA062323
:10B6B8007B600723BB603B1D19462A48FBF7D2F97C
:10B6C8000346002B01D009F035FA07237B600823D5
:10B6D800BB603B1D19462348FBF7C4F90346002B02
:10B6E80001D009F027FA0A237B600923BB603B1DC0
:10B6F80019461C48FBF7B6F90346002B01D009F0A0
:10B7080019FA0B237B600A23BB603B1D19461548B9
:10B71800FBF7A8F90346002B01D009F00BFA0C231C
:10B728007B600B23BB603B1D19460E48FBF79AF95B
:10B738000346002B01D009F0FDF910237B600C2390
:10B74800BB603B1D19460748FBF78CF90346002BE5
:10B7580001D009F0EFF9FFF781FE00BF1037BD46B1
:10B7680080BD00BF703E00200024014080B582B03B
:10B7780000AF7860044B01221A70044808F024FFD7
:10B7880000BF0837BD4680BDF00400204C82010888
:10B7980080B483B000AF0346FB80074B01221A70C8
:10B7A800064B1B780133DAB2044B1A7000BF0C3712
:10B7B800BD4680BC704700BFF4040020F60400209A
:10B7C80080B582B000AF0C4B5B690B4A43F00103B4
:10B7D8005361094B5B6903F001037B607B680022BE
:10B7E80000210B20FBF72BFC0B20FBF744FC00BFD0
:10B7F8000837BD4680BD00BF0010024080B500AFCD
:10B808000C2203490348FAF735FF00BF80BD00BF8B
:10B81800C8130020703E002080B500AF0248FBF737
:10B8280007F800BF80BD00BF703E002080B400AFA5
:10B83800034B00221A7000BFBD4680BC704700BF92
:10B84800F204002080B400AF034B01221A7000BF3D
:10B85800BD4680BC704700BFF204002080B400AF32
:10B86800024B1B781846BD4680BC7047F204002086
:10B8780080B400AF054B1B78052B01D1012300E0F4
:10B8880000231846BD4680BC704700BFF504002061
:10B89800B0B58CB002AFAE4B1B78052B00F2C2835B
:10B8A80001A252F823F000BFC9B8000805B9000882
:10B8B8003FB9000891B9000821BA0008D7BF0008AD
:10B8C800FFF7B4FF00226421A24805F0FDF8034603
:10B8D800DAB2A14B1A70A14B00221A70A04B0022B9
:10B8E8001A70A04B00221A709F4B00221A609F4BBF
:10B8F80000221A70964B01221A70A0E3974B1B780E
:10B90800012B0ED1954B00221A70954B1B780133F1
:10B91800DAB2934B1A70944B00221A608C4B0222B5
:10B928001A70FFF79BFF0346002B00F07F83884BBC
:10B9380005221A707AE3894B1B78012B09D1874BB2
:10B9480000221A70864B1B780133DAB2844B1A70C6
:10B9580010E0834B1B78022B05D8FFF74FFF7C4B79
:10B9680003221A7006E07E4B1B78022B02D9784B13
:10B9780004221A70FFF772FF0346002B00F0588369
:10B98800734B05221A7053E3794B1B78012B39D17D
:10B99800FFF742FF764B00221A700023FB7714E072
:10B9A800FB7F744A52F82300724B9A6AF97F6E4BF8
:10B9B8001B68821A704840F2131404FB01F10B440F
:10B9C80040F82320FB7F0133FB77FB7F082BE7D967
:10B9D800654B1B680133644A1360634B1A68674BF5
:10B9E80083FB0213D911D317CB1A40F2131101FBB1
:10B9F80003F3D31A002B02D15B4B00221A60544B7D
:10BA080002221A70FFF72AFF0346002B00F0128368
:10BA18004F4B05221A700DE30023BB7773E1002317
:10BA2800BB8367E1BB8B002B1CD1B97FBA8BBB7F73
:10BA3800514840F2131404FB01F10A4450F8222043
:10BA48004F4941F82320B97FBA8BBB7F4A4840F25F
:10BA5800131404FB01F10A4450F82220494941F823
:10BA680023203BE0BB7F464A52F82320B97FBB8B9B
:10BA7800414840F2131404FB01F10B4450F8233001
:10BA88009A420DDAB97FBA8BBB7F3B4840F2131458
:10BA980004FB01F10A4450F82220394941F82320D7
:10BAA800BB7F384A52F82320B97FBB8B324840F21B
:10BAB800131404FB01F10B4450F823309A420DDDB6
:10BAC800B97FBA8BBB7F2C4840F2131404FB01F1F9
:10BAD8000A4450F822202B4941F82320BA7FBB8B17
:10BAE800254940F2131000FB02F2134451F82330A9
:10BAF800BB60BB7F244A52F82320BB68B96801FBAE
:10BB080003F31946BB7F0A441F4941F82320BA8B27
:10BB1800154B1B68013B9A4240F0E980BB7F184AED
:10BB280052F82320BB7F174951F82330D31ABB6141
:10BB3800BB7F134A52F823300A2B06DDBB7F114A1C
:10BB480052F8233013F10A0F20DB0023BB6122E0F7
:10BB5800F50400204DB80008F3040020F404002088
:10BB6800FA040020F6040020EC040020FB04002066
:10BB7800F1040020C8130020C41700207307287799
:10BB8800A0170020503F00202C3F0020BB693B2B12
:10BB980001DC0023BB61BA7F9E4B1B7818469E4987
:10BBA80013465B0013449B000344BA6941F8232001
:10BBB800BB7F9A4A52F82340BA7F964B1B781846A7
:10BBC800954913465B0013449B00034451F82350E6
:10BBD800B87F904B1B7803F10D01914B83FB012338
:10BBE8005A10CB17D21A13465B0013449B00CA1A8B
:10BBF800894903465B0003449B00134451F82330F2
:10BC0800EA1ABB7F2244854941F82320BB7F854A35
:10BC180052F82320844B1B681946BB7FB2FBF1F214
:10BC2800804941F82320BB7F7E4A52F823301846CA
:10BC3800F9F740FC03460C46184621460CF0E8F993
:10BC480003460C4618462146F9F786FF03467B60F3
:10BC5800764B1B78002B05D1BB7F75497A6841F874
:10BC6800232009E0BB7F724A52F82310BB7F7A6811
:10BC78000A446F4941F82320BA7F664B1B7818465F
:10BC88006C4913465B0013449B0003447A6841F8EF
:10BC98002320BB7F684A52F82340BA7F5D4B1B784C
:10BCA8001846644913465B0013449B00034451F84B
:10BCB8002350B87F574B1B7803F10D01584B83FB7A
:10BCC80001235A10CB17D21A13465B0013449B006A
:10BCD800CA1A584903465B0003449B00134451F8B1
:10BCE8002330EA1ABB7F2244534941F82320BB8BF7
:10BCF8000133BB83BA8B4C4B1B689A42FFF692AE5A
:10BD0800BB7F0133BB77BB7F082B7FF688AE414BE7
:10BD18001B785A1C424B83FB02135910D317C91ABC
:10BD28000B465B000B449B00D11ACAB2394B1A7000
:10BD38003E4B1B780133DAB23C4B1A703B4B1B78F5
:10BD4800032B40F23581394B00221A700023FB7512
:10BD580021E1FB7D364A52F82320FB7D92083449C5
:10BD680041F82320FB7D324A52F82330042B07D8B0
:10BD7800FB7D082B04D0FB7D2D4A002142F82310BF
:10BD8800FB7D2D4A52F823302C4AA2FB0323DB0803
:10BD98003B613B69C82B04D9294B4FF496721A8032
:10BDA8000BE03B69642B04D9254B4FF4B4721A801D
:10BDB80003E0234B4FF4A0721A80FB7D174A52F818
:10BDC8002330002B3ED03B690F2B3BD9FB7D184A13
:10BDD80052F823301A4A128802FB03F213465B001A
:10BDE80013449B001846F9F765FB04460D46FB7D96
:10BDF8000A4A52F823301846F9F76CFB02460B46FC
:10BE080020462946F9F7FAFC03460C46C7E90834E8
:10BE18001EE000BFFC040020F0150020A03E00201A
:10BE2800ABAAAA2A2C3F0020EC040020FB04002027
:10BE3800083F0020F8130020A8150020ABAAAAAAE2
:10BE4800F80400204FF000034FF00004C7E908345D
:10BE5800FC7DD7E90801F9F77FFE02467A4B43F8E3
:10BE68002420FB7D784A52F82330612B04D9FB7DCE
:10BE7800754A642142F82310E423FB733B69B3F548
:10BE8800C87F18D3FB7D714A52F8233040F6DC2274
:10BE980002FB03F36E4AA2FB0323D908FB7D6A4A1F
:10BEA80052F82330DCB2FA7BF87D01230093234655
:10BEB80003F06EFB6CE03B69B3F5967F18D3FB7D0E
:10BEC800624A52F8233040F6B42202FB03F3604A78
:10BED800A2FB0323D908FB7D5B4A52F82330DCB26E
:10BEE800FA7BF87D01230093234603F051FB4FE0D2
:10BEF8003B69C72B18D9FB7D544A52F8233040F6CA
:10BF0800A52202FB03F3524AA2FB0323D908FB7DB7
:10BF18004D4A52F82330DCB2FA7BF87D01230093B6
:10BF2800234603F035FB33E03B69632B18D9FB7DCF
:10BF3800464A52F8233040F6A52202FB03F3444A4E
:10BF4800A2FB0323D908FB7D3F4A52F82330DCB219
:10BF5800FA7BF87D01230093234603F019FB17E0D1
:10BF6800FB7D3A4A52F8233040F6232202FB03F3C2
:10BF7800374AA2FB0323D908FB7D334A52F8233002
:10BF8800DCB2FA7BF87D01230093234603F000FB23
:10BF9800FB7D0133FB75FB7D082B7FF6DAAE2D4B5D
:10BFA80005221A70002204212B48FCF7B9F805E095
:10BFB8002A4B00221A70274B01221A70FFF74EFCF9
:10BFC8000346002B38D0234B05221A7034E0FFF7C4
:10BFD80045FC0346002B31D0012204211E48FCF702
:10BFE8009FF80023BB7516E0BB7D1D4A002142F86F
:10BFF8002310BB7D1B4A002142F82310BB7D1A4A3F
:10C00800002142F82310BB7D184A002142F8231072
:10C01800BB7D0133BB75BB7D082BE5D90D4B0022D9
:10C028001A700BE00B4B05221A7008E000BF06E0FF
:10C0380000BF04E000BF02E000BF00E000BF00BF97
:10C048002837BD46B0BD00BFCC150020A81500207C
:10C05800ABAAAAAAF5040020000C0140FA040020AB
:10C068002C3F0020083F0020A0170020503F002050
:10C0780080B582B000AFFFF7F7F80023FB7116E038
:10C088000023BB710DE0FA79B9790C481346DB003F
:10C098009B1A9B0003440B4400221A70BB7901339E
:10C0A800BB71BB79102BEED9FB790133FB71FB799E
:10C0B800072BE5D900BF0837BD4680BD743F002077
:10C0C80080B582B000AF02F03DFD0346002B32D1AF
:10C0D8000023FB7123E0FB790021184600F030F8BB
:10C0E8006420FAF7BBF9FB794FF0FF31184600F0EE
:10C0F80067F86420FAF7B2F9FB790021184600F0D6
:10C10800A7F86420FAF7AAF9FB790021184600F08D
:10C1180007F96420FAF7A2F9FB790133FB71FB797F
:10C12800072BD8D94FF000004FF0000100F0FCFABF
:10C138006420FAF793F900BF0837BD4680BD0000B8
:10C1480080B584B000AF03460A46FB711346BB7145
:10C15800FA7918491346DB009B1A9B000B441B789D
:10C16800BA799A4222D0BB791A46134913480AF081
:10C1780027FB124808F028FAFA790E491346DB0023
:10C188009B1A9B000B44BA791A70BB793B73BB7935
:10C19800DB43DBB27B73FB7901339BB29B019BB220
:10C1A80007F10C0102221846FFF76CF800BF1037A0
:10C1B800BD4680BD743F00208C8201080800002025
:10C1C80080B584B000AF03463960FB71FA791F4926
:10C1D8001346DB009B1A9B000B440C331B683A6820
:10C1E8009A422FD0FA7919491346DB009B1A9B0013
:10C1F8000B440C333A681A603B68DBB23B723B680D
:10C208001B0ADBB27B723B681B0CDBB2BB723B6860
:10C218001B0EDBB2FB723A7A7B7A5340DAB2BB7AF6
:10C228005340DAB2FB7A5340DBB23B73FB799BB2E3
:10C238009B019BB247339BB207F1080105221846C0
:10C24800FFF720F800BF1037BD4680BD743F0020BF
:10C2580080B584B000AF03463960FB71FB79072BCA
:10C2680054D8FB792B4AD35C5A1C2B4B83FB021303
:10C27800D910D317C91A0B469B000B449B00D11A3F
:10C28800FB79C9B2234AD154FB79224AD35C002BEB
:10C298003DD1FA7921491346DB009B1A9B000B44D8
:10C2A80004331B683A689A4231D0FA791B4913461D
:10C2B800DB009B1A9B000B4404333A681A603B6806
:10C2C800DBB23B723B681B0ADBB27B723B681B0C20
:10C2D800DBB2BB723B681B0EDBB2FB723A7A7B7A2D
:10C2E8005340DAB2BB7A5340DAB2FB7A5340DBB23E
:10C2F8003B73FB799BB29B019BB242339BB207F124
:10C30800080105221846FEF7BDFF00E000BF103700
:10C31800BD4680BD0005002067666666743F002044
:10C3280080B584B000AF03463960FB71FA791F49C4
:10C338001346DB009B1A9B000B4414331B683A68B6
:10C348009A422FD0FA7919491346DB009B1A9B00B1
:10C358000B4414333A681A603B68DBB23B723B68A3
:10C368001B0ADBB27B723B681B0CDBB2BB723B68FF
:10C378001B0EDBB2FB723A7A7B7A5340DAB2BB7A95
:10C388005340DAB2FB7A5340DBB23B73FB799BB282
:10C398009B019BB24C339BB207F10801052218465A
:10C3A800FEF770FF00BF1037BD4680BD743F002008
:10C3B8002DE9F04888B000AF0023FB774FF0000369
:10C3C8004FF00004C7E904343B1D09221946002038
:10C3D800FEF7F2FF0023FB730BE0FB7B07F1200263
:10C3E800134413F81C2CFB7F5340FB77FB7B013372
:10C3F800FB73FB7B072BF0D93B7BFA7F9A4240F01B
:10C4080088803B79DBB24FF00004C7E904347B79BC
:10C41800D9B24FF000024FF0000B4FF0000C4FEA7A
:10C42800022C4CEA116C4FEA012BD7E904124BEAB3
:10C4380001034CEA0204C7E90434BB79D9B24FF0CE
:10C4480000024FF0000B4FF0000C4FEA024C4CEA90
:10C45800114C4FEA014BD7E904124BEA01034CEAAD
:10C468000204C7E90434FB79DBB24FF000041E0A6A
:10C478001D06D7E9043443EA050144EA0602C7E980
:10C4880004123B7AD9B24FF000024FF000054FF08A
:10C4980000060E000025D7E9041245EA010346EA22
:10C4A8000204C7E904347B7AD9B24FF000024FF096
:10C4B80000054FF000060E020025D7E9041245EAF0
:10C4C800010346EA0204C7E90434BB7AD9B24FF043
:10C4D80000024FF000054FF000060E040025D7E9D2
:10C4E800041245EA010346EA0204C7E90434FB7A68
:10C4F800D9B24FF000024FF000054FF000060E06CB
:10C508000025D7E9041245EA010346EA0204C7E90F
:10C518000434D7E90434184621462037BD46BDE81F
:10C52800F088000090B587B000AFC7E9000100238C
:10C53800FB75414B1B785A1C404B83FB0213134479
:10C548005911D317C91A0B461B015B1A9B00D11A44
:10C55800CAB2394B1A70384B1B78002B68D13B781C
:10C568003B73D7E900124FF000034FF000040B0AA9
:10C5780043EA0263140ADBB27B73D7E900124FF077
:10C5880000034FF000040B0C43EA0243140CDBB227
:10C59800BB73D7E900124FF000034FF000040B0EF5
:10C5A80043EA0223140EDBB2FB73D7E900124FF003
:10C5B80000034FF0000413000024DBB23B74D7E9FA
:10C5C80000124FF000034FF00004130A0024DBB2FE
:10C5D8007B74D7E900124FF000034FF00004130CEE
:10C5E8000024DBB2BB74D7E900124FF000034FF010
:10C5F8000004130E0024DBB2FB740023BB750BE0B0
:10C60800BB7D07F11802134413F80C2CFB7D534033
:10C61800FB75BB7D0133BB75BB7D072BF0D9FB7D5B
:10C628003B7507F10C03092219460020FEF72AFE84
:10C6380000BF1C37BD4690BD080500208988888842
:10C6480090B587B000AFC7E900010023FB753B78C0
:10C658003B73D7E900124FF000034FF000040B0AB8
:10C6680043EA0263140ADBB27B73D7E900124FF086
:10C6780000034FF000040B0C43EA0243140CDBB236
:10C68800BB73D7E900124FF000034FF000040B0E04
:10C6980043EA0223140EDBB2FB73D7E900124FF012
:10C6A80000034FF0000413000024DBB23B74D7E909
:10C6B80000124FF000034FF00004130A0024DBB20D
:10C6C8007B74D7E900124FF000034FF00004130CFD
:10C6D8000024DBB2BB74D7E900124FF000034FF01F
:10C6E8000004130E0024DBB2FB740023BB750BE0BF
:10C6F800BB7D07F11802134413F80C2CFB7D534043
:10C70800FB75BB7D0133BB75BB7D072BF0D9FB7D6A
:10C718003B7507F10C03092219460020FEF7B2FD0C
:10C7280000BF1C37BD4690BD90B587B000AFC7E9C4
:10C7380000010023FB753B783B73D7E900124FF0EB
:10C7480000034FF000040B0A43EA0263140ADBB249
:10C758007B73D7E900124FF000034FF000040B0C75
:10C7680043EA0243140CDBB2BB73D7E900124FF063
:10C7780000034FF000040B0E43EA0223140EDBB251
:10C78800FB73D7E900124FF000034FF000041300C9
:10C798000024DBB23B74D7E900124FF000034FF0DE
:10C7A8000004130A0024DBB27B74D7E900124FF0AF
:10C7B80000034FF00004130C0024DBB2BB74D7E96C
:10C7C80000124FF000034FF00004130E0024DBB2F8
:10C7D800FB740023BB750BE0BB7D07F11802134403
:10C7E80013F80C2CFB7D5340FB75BB7D0133BB75E7
:10C7F800BB7D072BF0D9FB7D3B7507F10C030922A4
:10C8080019460020FEF73EFD00BF1C37BD4690BD0F
:10C8180080B500AFFBF700F900BF80BD80B500AF61
:10C82800FBF7D4F800BF80BD80B588B000AF786052
:10C8380039603B68DB0A0133FB61FFF7EFFF002338
:10C84800BB60FB697B617B683B6107F1180207F1FC
:10C85800080311461846FBF785F9FFF7D9FF00BF13
:10C868002037BD4680BD000080B582B000AF78603B
:10C878000B467B80FFF7D2FF114B1B69104A43F030
:10C888000103136100BF0E4BDB6803F00103002BAB
:10C89800F9D17B687A881A8000BF094BDB6803F0FE
:10C8A8000103002BF9D1064B1B69054A23F001034C
:10C8B8001361FFF7ADFF00BF0837BD4680BD00BF5D
:10C8C8000020024080B400AF054B1B78012B0CBF41
:10C8D80001230023DBB21846BD4680BC704700BF69
:10C8E8001805002080B400AF034B01221A7000BF66
:10C8F800BD4680BC704700BF1805002080B400AF5B
:10C90800034B00221A7000BFBD4680BC704700BFB1
:10C918001805002080B400AF034B00221A7000BF36
:10C92800BD4680BC704700BF0905002080B400AF39
:10C93800034B01221A7000BFBD4680BC704700BF80
:10C948000905002080B400AF024B1B781846BD468D
:10C9580080BC70470905002080B400AF034B00225B
:10C968001A7000BFBD4680BC704700BF100500208C
:10C9780080B400AF034B01221A7000BFBD4680BCD3
:10C98800704700BF1005002080B400AF024B1B7831
:10C998001846BD4680BC70471005002090B587B08A
:10C9A80000AF0023FB750023BB750023FB7506E071
:10C9B800FB7DA04A0021D154FB7D0133FB7597F91B
:10C9C8001730002BF4DA0023FB750023BB75AEE0AB
:10C9D800BB7D072B5ED8BB7D092B09D8FB7D5A1C74
:10C9E800FA751A46BB7D3033D9B2924B995422E07E
:10C9F800BB7D914AA2FB0323DB08DAB2FB7D591CFD
:10CA0800F975194602F13003DAB28A4B5A54BA7DE5
:10CA1800894BA3FB0213D9080B469B000B445B0010
:10CA2800D31ADAB2FB7D591CF975194602F13003A5
:10CA3800DAB2804B5A54FB7D5A1CFA751A467D4B64
:10CA48002D219954BB7D184602F00AFD03464FF08C
:10CA58000004C7E90234D7E9020107F0FFFB786058
:10CA680000237B7512E07B7D7A6813441B78002BCA
:10CA78004FD07B7D7A681A44FB7D591CF97519469D
:10CA880012786C4B5A547B7D01337B757B7D142B5C
:10CA9800E9D93FE0BB7D092B09D8FB7D5A1CFA7503
:10CAA8001A46BB7D3033D9B2624B995422E0BB7D24
:10CAB800614AA2FB0323DB08DAB2FB7D591CF97536
:10CAC800194602F13003DAB25A4B5A54BA7D5A4B1E
:10CAD800A3FB0213D9080B469B000B445B00D31A37
:10CAE800DAB2FB7D591CF975194602F13003DAB246
:10CAF800504B5A54FB7D5A1CFA751A464D4B2D2142
:10CB08009954FB7D5A1CFA751A464A4B30219954A0
:10CB180000E000BFBB7D072B06D8FB7D5A1CFA75C9
:10CB28001A46444B2C219954BB7D0133BB75BB7D00
:10CB3800082B7FF64DAFFB7D5A1CFA751A463D4B04
:10CB48002C2199540923BB75FB7D5A1CFA751A468A
:10CB5800BB7D3033D9B2374B9954FB7D5A1CFA75DB
:10CB68001A46344B2D219954FB7D5A1CFA751A46E6
:10CB7800304B302199540A23BB75FB7D5A1CFA753A
:10CB88001A462C4B2C219954BB7D2B4AA2FB03231C
:10CB9800DB08DAB2FB7D591CF975194602F130033E
:10CBA800DAB2244B5A54BA7D234BA3FB0213D9089B
:10CBB8000B469B000B445B00D31ADAB2FB7D591C71
:10CBC800F975194602F13003DAB21A4B5A54FB7D53
:10CBD8005A1CFA751A46174B2D21995402F0CCFBB2
:10CBE800C7E90201D7E9020107F038FB78600023A2
:10CBF8003B7512E03B7D7A6813441B78002B10D0FC
:10CC08003B7D7A681A44FB7D591CF97519461278E0
:10CC1800084B5A543B7D01333B753B7D142BE9D9B6
:10CC280000E000BF054AFB7D137000BF1C37BD46FE
:10CC380090BD00BF34470020CDCCCCCC9407002059
:10CC480090B585B000AF0023FB730023FB7306E0AB
:10CC5800FB7BA14A0021D154FB7B0133FB7397F97D
:10CC68000F30002BF4DA0023FB730023BB73AEE014
:10CC7800BB7B072B5ED8BB7B092B09D8FB7B5A1CD7
:10CC8800FA731A46BB7B3033D9B2934B995422E0DE
:10CC9800BB7B924AA2FB0323DB08DAB2FB7B591C5D
:10CCA800F973194602F13003DAB28B4B5A54BA7B46
:10CCB8008A4BA3FB0213D9080B469B000B445B006D
:10CCC800D31ADAB2FB7B591CF973194602F1300307
:10CCD800DAB2814B5A54FB7B5A1CFA731A467E4BC4
:10CCE8002D219954BB7B184602F0D4FB0346FB72F6
:10CCF800FB7A4FF000041846214607F0AFFA786037
:10CD080000237B7312E07B7B7A6813441B78002B2B
:10CD18004FD07B7B7A681A44FB7B591CF973194600
:10CD280012786D4B5A547B7B01337B737B7B142BBE
:10CD3800E9D93FE0BB7B092B09D8FB7B5A1CFA7366
:10CD48001A46BB7B3033D9B2634B995422E0BB7B84
:10CD5800624AA2FB0323DB08DAB2FB7B591CF97396
:10CD6800194602F13003DAB25B4B5A54BA7B5B4B7B
:10CD7800A3FB0213D9080B469B000B445B00D31A94
:10CD8800DAB2FB7B591CF973194602F13003DAB2A7
:10CD9800514B5A54FB7B5A1CFA731A464E4B2D21A1
:10CDA8009954FB7B5A1CFA731A464B4B3021995401
:10CDB80000E000BFBB7B072B06D8FB7B5A1CFA732D
:10CDC8001A46454B2C219954BB7B0133BB73BB7B63
:10CDD800082B7FF64DAFFB7B5A1CFA731A463E4B65
:10CDE8002C2199540923BB73FB7B5A1CFA731A46EE
:10CDF800BB7B3033D9B2384B9954FB7B5A1CFA733E
:10CE08001A46354B2D219954FB7B5A1CFA731A4646
:10CE1800314B302199540A23BB73FB7B5A1CFA739C
:10CE28001A462D4B2C219954BB7B2C4AA2FB032379
:10CE3800DB08DAB2FB7B591CF973194602F130039F
:10CE4800DAB2254B5A54BA7B244BA3FB0213D908F8
:10CE58000B469B000B445B00D31ADAB2FB7B591CD0
:10CE6800F973194602F13003DAB21B4B5A54FB7BB3
:10CE78005A1CFA731A46184B2D21995402F0A4FA39
:10CE88000346FB72FB7A4FF000041846214607F070
:10CE9800E5F9786000233B7312E03B7B7A68134422
:10CEA8001B78002B10D03B7B7A681A44FB7B591CFB
:10CEB800F97319461278084B5A543B7B01333B737C
:10CEC8003B7B142BE9D900E000BF054AFB7B1370BC
:10CED80000BF1437BD4690BD34470020CDCCCCCC24
:10CEE8009407002090B583B000AF0023FB710023A6
:10CEF800FB7106E0FB792A4A0021D154FB79013302
:10CF0800FB71FB79132BF5D90023FB710023BB714F
:10CF18003BE0FB795A1CFA711A46BB793033D9B217
:10CF28001F4B9954FB795A1CFA711A461C4B2D2138
:10CF38009954BB79184602F0C7FA03463B713B790E
:10CF48004FF000041846214607F088F9386000239E
:10CF58007B7112E07B793A6813441B78002B10D060
:10CF68007B793A681A44FB79591CF9711946127889
:10CF78000B4B5A547B7901337B717B79142BE9D99C
:10CF880000E000BFBB790133BB71BB79002BC0D077
:10CF9800044AFB79137000BF0C37BD4690BD00BF33
:10CFA800344700209407002090B585B000AF0023D7
:10CFB800FB730023BB730023FB7306E0FB7BA04AD3
:10CFC8000021D154FB7B0133FB7397F90F30002B01
:10CFD800F4DA0023FB730023BB73ADE0BB7B072BA4
:10CFE8005DD8BB7B092B09D8FB7B5A1CFA731A4600
:10CFF800BB7B3033D9B2924B995422E0BB7B914A28
:10D00800A2FB0323DB08DAB2FB7B591CF973194630
:10D0180002F13003DAB28A4B5A54BA7B894BA3FB2C
:10D028000213D9080B469B000B445B00D31ADAB2F3
:10D03800FB7B591CF973194602F13003DAB2804BB5
:10D048005A54FB7B5A1CFA731A467D4B2D2199546E
:10D05800BB7B184602F052FAB860BB684FF0000478
:10D068001846214607F0FAF8786000237B7312E02F
:10D078007B7B7A6813441B78002B4FD07B7B7A68C4
:10D088001A44FB7B591CF973194612786C4B5A5495
:10D098007B7B01337B737B7B142BE9D93FE0BB7B24
:10D0A800092B09D8FB7B5A1CFA731A46BB7B303311
:10D0B800D9B2634B995422E0BB7B624AA2FB03239B
:10D0C800DB08DAB2FB7B591CF973194602F130030D
:10D0D800DAB25B4B5A54BA7B5A4BA3FB0213D908FA
:10D0E8000B469B000B445B00D31ADAB2FB7B591C3E
:10D0F800F973194602F13003DAB2514B5A54FB7BEB
:10D108005A1CFA731A464E4B2D219954FB7B5A1C14
:10D11800FA731A464A4B3021995400E000BFBB7B92
:10D12800072B06D8FB7B5A1CFA731A46444B2C2152
:10D138009954BB7B0133BB73BB7B082B7FF64EAF87
:10D14800FB7B5A1CFA731A463D4B2C219954092330
:10D15800BB73FB7B5A1CFA731A46BB7B3033D9B2BC
:10D16800374B9954FB7B5A1CFA731A46344B2D21C2
:10D178009954FB7B5A1CFA731A46314B3021995447
:10D188000A23BB73FB7B5A1CFA731A462C4B2C21BF
:10D198009954BB7B2B4AA2FB0323DB08DAB2FB7B47
:10D1A800591CF973194602F13003DAB2244B5A5468
:10D1B800BA7B244BA3FB0213D9080B469B000B44F4
:10D1C8005B00D31ADAB2FB7B591CF973194602F1DA
:10D1D8003003DAB21A4B5A54FB7B5A1CFA731A46BC
:10D1E800174B2D21995402F0FBF8B860BB684FF03B
:10D1F80000041846214607F031F8786000233B7395
:10D2080012E03B7B7A6813441B78002B10D03B7BE1
:10D218007A681A44FB7B591CF97319461278084B33
:10D228005A543B7B01333B733B7B142BE9D900E019
:10D2380000BF054AFB7B137000BF1437BD4690BD85
:10D2480034470020CDCCCCCC9407002080B582B0E8
:10D2580000AF0023FB710023BB710023FB7106E0C4
:10D26800FB798E4A0021D154FB790133FB7197F980
:10D278000730002BF4DA0023FB710023BB71A2E016
:10D28800BB79072B54D8FB795A1CFA711A46BB791B
:10D298003033D9B2814B9954FB795A1CFA711A462A
:10D2A8007E4B2D219954BB79184602F047F9034665
:10D2B800092B0FD8BB79184602F040F903461946E6
:10D2C800FB795A1CFA711A4601F13003D9B2734B33
:10D2D80099546BE0BB79184602F030F903461A46B8
:10D2E8006F4BA3FB0223DB08DAB2FB79591CF971F7
:10D2F800194602F13003DAB2684B5A54BB79184622
:10D3080002F01CF903461A46654BA3FB0213D90821
:10D318000B469B000B445B00D31ADAB2FB79591C0D
:10D32800F971194602F13003DAB25C4B5A543DE008
:10D33800BB79092B09D8FB795A1CFA711A46BB79B3
:10D348003033D9B2554B995422E0BB79544AA2FBE9
:10D358000323DB08DAB2FB79591CF971194602F18B
:10D368003003DAB24D4B5A54BA794D4BA3FB021332
:10D37800D9080B469B000B445B00D31ADAB2FB7941
:10D38800591CF971194602F13003DAB2434B5A5469
:10D39800FB795A1CFA711A46404B2D219954FB7996
:10D3A8005A1CFA711A463D4B36219954BB79072B02
:10D3B80006D8FB795A1CFA711A46384B2C21995415
:10D3C800BB790133BB71BB79082B7FF659AFFB7969
:10D3D8005A1CFA711A46314B2C2199540923BB71F6
:10D3E800FB795A1CFA711A46BB793033D9B22B4BE8
:10D3F8009954FB795A1CFA711A46284B2D219954D5
:10D40800FB795A1CFA711A46244B362199540A237F
:10D41800BB71FB795A1CFA711A46204B2C2199547E
:10D42800BB791F4AA2FB0323DB08DAB2FB79591C3C
:10D43800F971194602F13003DAB2184B5A54BA7925
:10D44800174BA3FB0213D9080B469B000B445B0048
:10D45800D31ADAB2FB79591CF971194602F1300373
:10D46800DAB20E4B5A54FB795A1CFA711A460B4B16
:10D478002D21995401F0E8FF03461946FB795A1CFF
:10D48800FA711A4601F13003D9B2044B9954054A8E
:10D49800FB79137000BF0837BD4680BD34470020B4
:10D4A800CDCCCCCC940700202DE9B04F92B00CAF76
:10D4B80003F0ACF878617B691B681846F8F71CF82C
:10D4C80004460D467B695B681846F8F715F88046F0
:10D4D80089467B699B681846F8F70EF882468B46A2
:10D4E8007B69DB681846F8F707F8C7E902017B692A
:10D4F8001B691846F8F700F8C7E900017B695B6902
:10D508001846F7F7F9FF02460B46CDE90A23D7E993
:10D518000023CDE90823D7E90223CDE90623CDE985
:10D5280004ABCDE90289CDE90045074A80210748C7
:10D5380009F012F90346DAB2054B1A7000BF183722
:10D54800BD46BDE8B08F00BF98820108344700206F
:10D558009407002080B500AF00F098FE0346002B2A
:10D568000DD0B24807F030F800F084FE022004F035
:10D57800A9F9102005F022FEAD4B00221A70AC4B21
:10D588001B78052B00F2428101A252F823F000BF5C
:10D59800B1D50008E9D5000829D6000861D60008E9
:10D5A800E9D70008FFD7000804F016F90346002B56
:10D5B80000F02E81002005F001FE9E4B1B681846E6
:10D5C80003F0D8FBFFF7A6F90022C8219A4803F018
:10D5D8007BFA0246974B1A60954B01221A7017E1A5
:10D5E800FFF7B0F90346002B00F01481FFF792F91A
:10D5F800002241F27071904803F066FA02468D4BA2
:10D608001A60FFF7A9F900224FF496718B4803F0CE
:10D618005BFA02468A4B1A60854B02221A70F9E0BF
:10D6280007F0A6F80346002B40F0F68005F02EFD23
:10D638000346002B06D0022004F044F97C4B00225C
:10D648001A70E9E005F0CAFD0346002B00F0E480FB
:10D65800774B03221A70DFE005F0C0FD0346002B6C
:10D6680003D1734B02221A70D8E003F0B7FC0346CB
:10D67800002B05D003F010FD6D4B04221A70CDE08D
:10D6880007F074F90346002B0DD004F0B1F9FFF749
:10D6980035F9002240F6B8316A4803F015FA644BB0
:10D6A80005221A70BAE003F02DF80346002B00F0AB
:10D6B800B58003F01DF90346012B04D001F056FF95
:10D6C8000346012B03D1604B00221A70A6E0FFF736
:10D6D8005BF90346002B00F0A1805B4B1B78002B05
:10D6E8000CD1594B01221A70FFF7B0FD574B1B782C
:10D6F8001A465749574806F08DFC53E0524B1B78A1
:10D70800012B0CD1504B02221A70FFF747F94F4BEF
:10D718001B781A464E49504806F07CFC42E04A4BBA
:10D728001B78022B0CD1484B03221A70FFF788FA9A
:10D73800464B1B781A464649484806F06BFC31E0D0
:10D74800414B1B78032B0CD13F4B04221A70FFF777
:10D75800C9FB3E4B1B781A463D49414806F05AFC26
:10D7680020E0394B1B78042B0CD1374B05221A705B
:10D77800FFF71AFC354B1B781A463549394806F02D
:10D7880049FC0FE0304B1B78052B0BD12E4B0022A8
:10D798001A70FFF789FE2D4B1B781A462C49324820
:10D7A80006F038FC082005F009FDFFF7D5F800223F
:10D7B8004FF49671214803F087F90246204B1A600E
:10D7C80005F052F800F056FD00F068FD00F06CF925
:10D7D80000220321254803F077F900F051FF1DE0EE
:10D7E80003F04AFF03F066FC0346002B18D0104BE9
:10D7F80002221A7014E0FFF765F80346002B11D0D7
:10D808001B4806F0E1FE07F0C1F80BE000BF0AE094
:10D8180000BF08E000BF06E000BF04E000BF02E070
:10D8280000BF00E000BF00BF80BD00BFAC820108A0
:10D83800190500200C05002035C9000879C9000821
:10D8480014050020EDC80008980700209407002060
:10D85800344700201447002024470020B447002004
:10D86800F4470020A4480020D4470020C9DA000863
:10D87800C482010880B584B000AF1F4B9B691E4A63
:10D8880043F0100393611C4B9B6903F01003FB608A
:10D89800FB68194B9B69184A43F020039361164BA8
:10D8A8009B6903F02003BB60BB68134B9B69124A5A
:10D8B80043F004039361104B9B6903F004037B60FE
:10D8C8007B680D4B9B690C4A43F0080393610A4B34
:10D8D8009B6903F008033B603B6800F00FF800F019
:10D8E80029F800F083F800F0C1F800F09BF800BFB9
:10D8F8001037BD4680BD00BF0010024080B584B01F
:10D9080000AF3B4600221A605A609A60DA60012331
:10D918007B600123BB600323FB6004233B603B4621
:10D9280019460348FAF7C6F900BF1037BD4680BD4F
:10D93800000C014080B584B000AF3B4600221A605D
:10D948005A609A60DA6001237B600123BB6003237D
:10D95800FB604FF400633B603B4619462148FAF7E9
:10D96800A9F94FF480533B603B4619461D48FAF726
:10D97800A1F94FF480733B603B4619461A48FAF701
:10D9880099F94FF400733B603B4619461648FAF77D
:10D9980091F94FF400433B603B4619461148FAF7AA
:10D9A80089F908233B603B4619460F48FAF782F984
:10D9B80010233B603B4619460B48FAF77BF90123D5
:10D9C8003B603B4619460848FAF774F902233B6066
:10D9D8003B4619460448FAF76DF900BF1037BD46B3
:10D9E80080BD00BF00080140000C014080B584B034
:10D9F80000AF3B4600221A605A609A60DA60012341
:10DA08007B600123BB600323FB6020233B603B4614
:10DA180019460348FAF74EF900BF1037BD4680BDD6
:10DA2800000C014080B584B000AF3B4600221A606C
:10DA38005A609A60DA6080233B600A4B7B6000235F
:10DA4800BB603B4619460848FAF734F90022002122
:10DA58001720F9F7F4FA1720F9F70DFB00BF103774
:10DA6800BD4680BD000011100010014080B584B093
:10DA780000AF3B4600221A605A609A60DA600123C0
:10DA88007B600123BB600323FB604FF480533B6042
:10DA98003B4619460348FAF70DF900BF1037BD4653
:10DAA80080BD00BF000C014080B500AF01222021DD
:10DAB8000248FAF735FB00BF80BD00BF000C0140EB
:10DAC80080B500AF002220210248FAF729FB00BFE9
:10DAD80080BD00BF000C014080B500AF134B144A55
:10DAE8001A60124B134A5A60104B00229A600F4B6F
:10DAF80040F20F32DA600D4B4FF480421A610B4B43
:10DB080000225A61094BFF229A61084B0022DA6110
:10DB1800064B00221A620548FAF732FB0346002B2F
:10DB280001D007F007F800BF80BD00BF54400020B7
:10DB380000540040801A060080B586B002AF034644
:10DB4800FB71104AFB7913700F4B80221A708023E7
:10DB58003B7307F10C024FF6FF7300930123422138
:10DB68000A48FAF735FC6420F8F778FC00F010F85A
:10DB780000220221102000F017F800BF1037BD4620
:10DB880080BD00BFAF400020AC40002054400020C2
:10DB980080B400AF034B00221A7000BFBD4680BCA2
:10DBA800704700BFB140002080B582B000AF034687
:10DBB800FB710B46BB7113467B71BB79012B06D9F0
:10DBC8002B4B1B7843F00803DAB2294B1A70294A09
:10DBD800BB791370FA79FB7940334021002000F0BB
:10DBE8004FF87B79002B09D0BB79012B06D1204B4C
:10DBF8001B7843F00403DAB21D4B1A703220F8F791
:10DC08002DFC002000F022F9032000F00EF9052079
:10DC1800F8F724FC032000F008F90520F8F71EFCAB
:10DC2800032000F002F90220F8F718FC022000F0A7
:10DC3800FCF80F4B1B7843F02003DBB2184600F0CA
:10DC48008FF80D4B04221A7000F074F800F036F8C3
:10DC58000A4B02221A70094B1B7843F00403DBB20B
:10DC6800184600F07DF800BF0837BD4680BD00BFEC
:10DC7800B1400020AE400020AD400020B040002060
:10DC880080B485B000AFF860B9607A603B60FB682B
:10DC9800DAB2094B1A70BB68DAB2074B5A707B6864
:10DCA800DAB2054B9A703B68DAB2034BDA7000BF00
:10DCB8001437BD4680BC7047A840002080B500AF2F
:10DCC800012000F04DF80220F8F7C8FB00BF80BD26
:10DCD80080B584B000AF03460A46FB711346BB719A
:10DCE8000423FB60BB79FA689A4203D8FB68DBB26D
:10DCF800013BBB710D4B1B78BA799A4203D30B4B8E
:10DD08001B78013BBB71BB79094AD25CFB79134490
:10DD1800DBB25BB263F07F035BB2DBB2184600F0A4
:10DD28001FF800BF1037BD4680BD00BFAE400020C1
:10DD3800A840002080B500AF084B1B7843F00403CF
:10DD4800DAB2064B1A70054B1B7843F00803DBB2B6
:10DD5800184600F005F800BF80BD00BFAD400020A8
:10DD680080B582B000AF0346FB71FB7900211846ED
:10DD780000F013F800BF0837BD4680BD80B582B0FB
:10DD880000AF0346FB71FB794021184600F005F807
:10DD9800012318460837BD4680BD80B584B000AF62
:10DDA80003460A46FB711346BB71FB791B09FB73DB
:10DDB800FB7903F00F03BB73FA7BBB791343DBB228
:10DDC800184600F032F8BA7BBB791343DBB2184629
:10DDD80000F02BF800BF1037BD4680BD80B582B07B
:10DDE80000AF0346FB71FB7923F01003DBB2184642
:10DDF80000F02CF80120F8F731FBFB7943F0100311
:10DE0800DBB2184600F022F80120F8F727FBFB796F
:10DE180023F01003DBB2184600F018F80120F8F7D9
:10DE28001DFB00BF0837BD4680BD80B582B000AF7E
:10DE38000346FB71FB79184600F008F8FB79184691
:10DE4800FFF7CCFF00BF0837BD4680BD80B586B060
:10DE580002AF0346FB710B4B1A78FB791343DBB215
:10DE68003B73094B1B7899B207F10C024FF6FF730D
:10DE7800009301230548FAF7ABFA00BF1037BD46F7
:10DE880080BD00BFAC400020AF40002054400020BF
:10DE980080B500AF4220FFF74FFE00BF80BD80B5C0
:10DEA80082B000AF0346FB71FB791846FFF766FFA7
:10DEB80000BF0837BD4680BD80B582B000AF78602E
:10DEC80006E07B685A1C7A601B781846FFF7E7FF64
:10DED8007B681B78002BF4D100BF0837BD4680BD96
:10DEE80080B582B000AF786039603B68DBB27A6891
:10DEF800D2B211461846FFF7EBFE00BF0837BD4601
:10DF080080BD000080B586B000AF0346FB80FA886C
:10DF180007F108030849184608F052FC00210020C0
:10DF2800FFF7DEFF07F108031846FFF7C5FF00BF3C
:10DF38001837BD4680BD00BFDC8201080000000024
:10DF480090B589B000AFC7E90001D7E90001F7F73C
:10DF5800F5FA1BA3D3E90023F7F750FC03460C4658
:10DF6800184621460AF00EF803460C461846214684
:10DF7800F7F7F2FD0346FB61134B1B68FA699A42F7
:10DF880009D0114AFB69136000210120FFF7A8FF9F
:10DF98000E48FFF791FF07F10C03FA690C49184680
:10DFA80008F00EFC00210120FFF79AFF07F10C038F
:10DFB8001846FFF781FF00BF2437BD4690BD00BF5C
:10DFC8000000000040774B411C050020E882010852
:10DFD800FC82010880B500AFB6E05F4B1B78122BBE
:10DFE80000F2A78001A252F823F000BF41E0000828
:10DFF80047E000084DE0000853E000086FE0000823
:10E0080063E000087BE0000883E000088FE0000878
:10E018009FE00008ABE0000843E10008C1E0000809
:10E02800E1E00008D1E0000805E100081BE1000874
:10E0380027E100082FE10008F8F7AEF97EE006F0C6
:10E0480057F97BE0FFF716FC78E006F02FFA06F0A8
:10E05800FDF9424806F0B8FA70E000F03DF9404892
:10E0680006F0B2FA6AE002F063FB3E4806F0ACFA4A
:10E0780064E03D4806F0A8FA60E006F09BF93B48EA
:10E0880006F0A2FA5AE006F06BF806F06FF8384886
:10E0980006F09AFA52E0FDF7EBFF364806F094FADC
:10E0A8004CE0FFF719FD344806F08EFA00F01AFD2F
:10E0B800324806F089FA41E0314806F085FAFFF760
:10E0C800D9FB01F0DDFB39E003F00CFC04F0D8FBD0
:10E0D8002C4806F079FA31E0FFF7E6FC6420F8F7FF
:10E0E800BDF9FFF7EDFC6420F8F7B8F9FFF7DCFCA1
:10E0F8006420F8F7B3F9FFF7E3FC1FE0FDF760FBD6
:10E10800FDF758FA204806F05FFA6420F8F7A6F9F8
:10E1180014E0FDF773FB1D4806F056FA0EE01C48A4
:10E1280006F052FA0AE002F091FF1A4806F04CFA9B
:10E1380004E0094B00221A7000E000BF064B1B7870
:10E148000133DAB2044B1A70034B1B78132B7FF49C
:10E1580044AF00BF80BD00BF200500200883010830
:10E168001C8301083883010850830108688301086B
:10E178008083010894830108B0830108BC830108E7
:10E18800D0830108EC83010804840108188401087D
:10E19800308401084C84010880B500AF0E4B0F4A4B
:10E1A8001A600D4B03225A600B4B40F6FF729A60BF
:10E1B8000948FAF741FF0346002B01D006F0BAFCE4
:10E1C800074B00221A70074B00221A70064B0022D8
:10E1D8001A8000BF80BD00BFB4400020003000405E
:10E1E80021050020220500202405002080B500AF6D
:10E1F8000248FAF75AFF00BF80BD00BFB4400020B4
:10E2080080B400AF054B1B78032B01D9012300E034
:10E2180000231846BD4680BC704700BF210500207A
:10E2280080B400AF0A4B1B780133DAB2084B1A707E
:10E23800084B1B780133DAB2064B1A70064B1B8861
:10E2480001339AB2044B1A8000BFBD4680BC7047A8
:10E2580021050020220500202405002080B400AFFD
:10E26800034B00221A7000BFBD4680BC704700BF38
:10E278002105002080B400AF034B00221A7000BFB4
:10E28800BD4680BC704700BF2205002080B400AFA7
:10E2980000231846BD4680BC7047000080B400AF1C
:10E2A800034B00221A8000BFBD4680BC704700BFE8
:10E2B8002405002080B400AF064B1B8840F6B83216
:10E2C80093428CBF01230023DBB21846BD4680BCB5
:10E2D800704700BF2405002080B584B000AF3B46DE
:10E2E80000221A605A609A60DA6001237B60012379
:10E2F800BB600323FB6040233B603B461946144840
:10E30800F9F7D8FC08233B603B4619461048F9F753
:10E31800D1FC10233B603B4619460D48F9F7CAFC6F
:10E3280020233B603B4619460948F9F7C3FC00F037
:10E338004DF8012000F02CF8012000F071F800F0F1
:10E348006DFA00F075F900BF1037BD4680BD00BFFB
:10E358000010014080B582B000AF0346FB7197F909
:10E368000730002B0EDD04E0002210210748F9F7E2
:10E37800D7FE97F90730DAB2013AD2B2FA71002B18
:10E38800F2D100E000BF0837BD4680BD0010014053
:10E3980080B582B000AF0346FB7197F90730002BB8
:10E3A8000EDD04E0012210210748F9F7B9FE97F9BC
:10E3B8000730DAB2013AD2B2FA71002BF2D100E09A
:10E3C80000BF0837BD4680BD0010014080B500AFD2
:10E3D800012220210248F9F7A3FE00BF80BD00BF3B
:10E3E8000010014080B582B000AF0346FB7197F979
:10E3F8000730002B0EDD04E0002208210748F9F75A
:10E408008FFE97F90730DAB2013AD2B2FA71002BCF
:10E41800F2D100E000BF0837BD4680BD00100140C2
:10E4280080B582B000AF0346FB7197F90730002B27
:10E438000EDD04E0012208210748F9F771FE97F97B
:10E448000730DAB2013AD2B2FA71002BF2D100E009
:10E4580000BF0837BD4680BD0010014080B582B0BE
:10E4680000AF0346FB71FB791A4640210348F9F7D0
:10E4780057FE00BF0837BD4680BD00BF00100140F1
:10E4880080B582B000AF144B1B681B013B600120B4
:10E49800FFF77EFF0023FB7113E00120FFF7C0FFA9
:10E4A8003B68DBB203F00103DBB21846FFF7D6FF87
:10E4B8000A20FFF797FF3B685B083B60FB79013355
:10E4C800FB71FB79172BE8D90120FFF743FF00BF49
:10E4D8000837BD4680BD00BFC040002080B483B06F
:10E4E80000AF03460A46FB711346BB71FB79072B45
:10E4F80066D8BB79002B04D1FB79344A0121D15469
:10E508005EE0BB79012B04D1FB79304A0621D15456
:10E5180056E0BB79022B04D1FB792C4A0421D15453
:10E528004EE0BB79032B04D1FB79284A0721D1544B
:10E5380046E0BB79042B04D1FB79244A0521D15448
:10E548003EE0BB79052B04D1FB79204A0521D15443
:10E5580036E0BB79062B04D1FB791C4A0521D1543E
:10E568002EE0BB79092B04D1FB79184A0521D15437
:10E5780026E0BB79072B04D1FB79144A0421D15436
:10E588001EE0BB79082B04D1FB79104A0221D15433
:10E5980016E0BB790A2B04D1FB790C4A0221D1542D
:10E5A8000EE0BB790B2B04D1FB79084A0221D15428
:10E5B80006E0BB790C2B03D1FB79044A0221D15424
:10E5C80000BF0C37BD4680BC704700BF300000203C
:10E5D80080B485B000AF03460A46FB711346BB7191
:10E5E800FB79072B1CD8BB7903F00303FB60FB798D
:10E5F800C3F107035B00032202FA03F3DB431A4665
:10E608000A4B1B681340094A1360FB79C3F10703DF
:10E618005B00FA689A40054B1B681343034A136072
:10E6280000BF1437BD4680BC704700BFC040002003
:10E6380080B400AF044B00221A70044B04221A70F5
:10E6480000BFBD4680BC7047270500202605002076
:10E6580080B400AF034B04221A7000BFBD4680BCD3
:10E66800704700BF2605002080B400AF034B072287
:10E678001A7000BFBD4680BC704700BF2605002049
:10E6880080B400AF034B08221A7000BFBD4680BC9F
:10E69800704700BF2605002080B485B000AF034650
:10E6A800FB71FB7903F00303FB600223FB72FB7A27
:10E6B80007335B00032202FA03F3DB431A460A4BD3
:10E6C8001B681340084A1360FB7A07335B00FA683B
:10E6D8009A40054B1B681343034A136000BF143765
:10E6E800BD4680BC704700BFC040002080B500AF69
:10E6F800484B1B78002B0BD0464B1B78012B07D0BF
:10E70800444B1B78022B03D0424B1B78032B05D1BB
:10E71800404B1B781846FFF7BFFF79E03D4B1B784D
:10E72800082B07D03B4B1B78062B03D0394B1B78A3
:10E73800042B30D1384B1B78042B17D8354B1B785A
:10E74800082B03D10320FFF7A7FF16E0314B1B78F6
:10E75800062B03D10120FFF79FFF0EE02D4B1B78FE
:10E76800042B0AD10220FFF797FF06E02A4B1B78FB
:10E77800092B02D80020FFF78FFF274B1B780133A6
:10E78800DAB2254B1A70244B1B78092B40D9224B3F
:10E7980000221A703CE01F4B1B78092B07D01D4B39
:10E7A8001B78072B03D01B4B1B78052B30D11A4B3A
:10E7B8001B78002B17D1174B1B78092B03D103208B
:10E7C800FFF76AFF16E0134B1B78072B03D10120D4
:10E7D800FFF762FF0EE00F4B1B78052B0AD10220D2
:10E7E800FFF75AFF06E00C4B1B78012B02D80020DC
:10E7F800FFF752FF084B1B780133DAB2064B1A7049
:10E80800054B1B78012B03D9034B00221A70FFE735
:10E8180000BF80BD260500202705002080B582B0F6
:10E8280000AF0023FB7107E0FB7900211846FFF7D2
:10E8380055FEFB790133FB71FB79072BF4D900BF37
:10E848000837BD4680BD000080B500AF0E4B1B7871
:10E858001A46012393401A460C4B1A600A4B1B7840
:10E868005A1C0B4B83FB0213D910D317C91A0B463A
:10E878009B000B449B00D11ACAB2034B1A70FFF7D6
:10E88800FFFD00BF80BD00BF32050020C040002052
:10E898006766666680B582B000AF0023FB7110E141
:10E8A800FB798E4AD35CBB71BB79002B08D0BB794E
:10E8B800022B05D0BB79012B02D0BB79032B06D1E3
:10E8C800BA79FB7911461846FFF782FEF6E0BB7964
:10E8D800052B26D1FB79824AD35C002B05D1FB7925
:10E8E80002211846FFF774FE09E0FB797C4AD35CE5
:10E8F800012B04D8FB7900211846FFF769FEFB7944
:10E90800774AD25C0132D1B2754AD154FB79744A44
:10E91800D35C012B40F2D280FB79714A0021D1549B
:10E92800CCE0BB79042B26D1FB796D4AD35C042B50
:10E9380005D8FB7902211846FFF74AFE09E0FB7962
:10E94800674AD35C092B04D8FB7900211846FFF7E6
:10E958003FFEFB79624AD25C0132D1B2604AD1549F
:10E96800FB795F4AD35C092B40F2A880FB795C4AAB
:10E978000021D154A2E0BB79072B25D1FB79584A55
:10E98800D35C002B05D1FB7901211846FFF720FE47
:10E9980009E0FB79524AD35C012B04D8FB790021AA
:10E9A8001846FFF715FEFB794D4AD25C0132D1B209
:10E9B8004B4AD154FB794A4AD35C012B7ED9FB7967
:10E9C800474A0021D15479E0BB79062B25D1FB7940
:10E9D800434AD35C042B05D8FB7901211846FFF77D
:10E9E800F7FD09E0FB793E4AD35C092B04D8FB7993
:10E9F80000211846FFF7ECFDFB79394AD25C013259
:10EA0800D1B2374AD154FB79354AD35C092B55D951
:10EA1800FB79334A0021D15450E0BB79092B25D129
:10EA2800FB792F4AD35C002B05D1FB7903211846CB
:10EA3800FFF7CEFD09E0FB79294AD35C012B04D806
:10EA4800FB7900211846FFF7C3FDFB79244AD25C05
:10EA58000132D1B2224AD154FB79214AD35C012B2D
:10EA68002CD9FB791E4A0021D15427E0BB79082B09
:10EA780024D1FB791A4AD35C042B05D8FB790321EE
:10EA88001846FFF7A5FD09E0FB79154AD35C092B69
:10EA980004D8FB7900211846FFF79AFDFB79104A44
:10EAA800D25C0132D1B20E4AD154FB790C4AD35C04
:10EAB800092B03D9FB790A4A0021D154FB79013388
:10EAC800FB71FB79072B7FF6EBAEFFF70FFEFFF725
:10EAD800D7FC00BF0837BD4680BD00BF300000200E
:10EAE8002805002080B582B000AF00F0DFF80023D1
:10EAF800FB7107E000F068F86420F7F7AFFCFB79DA
:10EB08000133FB71FB79032BF4D900F01BF80346A2
:10EB18001A460549054807F053FE044805F054FD18
:10EB280000BF0837BD4680BD648401083C00002052
:10EB380080B400AF024B1B681846BD4680BC7047C6
:10EB4800C840002080B483B000AF1E4B9B7823F0F0
:10EB58000F037B710023FB710023BB711BE0BB79A2
:10EB6800012202FA03F35AB297F9053013405BB257
:10EB78003B713B79002B0BD0BB79C3F10703012212
:10EB880002FA03F35AB297F9073013435BB2FB71E9
:10EB9800BB790133BB71BB79072BE0D9FB799BB2F9
:10EBA8001B029BB21BB203F470631AB2054BDB78ED
:10EBB8001BB213431BB29BB218460C37BD4680BC30
:10EBC800704700BFC840002080B582B002AF334B09
:10EBD8001B78032B5AD801A252F823F0F5EB000852
:10EBE8001DEC000845EC00086DEC00084FF6FF73BB
:10EBF800009302232A4A41212A48F9F7E7FC274BC8
:10EC08001B781A46264B1978274B9954234B012217
:10EC18001A703FE04FF6FF7300930223204A492100
:10EC28002048F9F7D3FC1D4B1B781A461C4B197862
:10EC38001D4B9954194B02221A702BE04FF6FF73A3
:10EC480000930223164A4D211648F9F7BFFC134BCF
:10EC58001B781A46124B1978134B99540F4B032201
:10EC68001A7017E04FF6FF73009302230C4A4F21E6
:10EC78000C48F9F7ABFC094B1B781A46084B197876
:10EC8800094B9954054B00221A7003E0034B0022EC
:10EC98001A7000BF00BFBD4680BD00BF330500200D
:10ECA800C440002054400020C840002080B584B0F3
:10ECB80002AFFF233B713A1D4FF6FF730093012308
:10ECC80040211748F9F784FB6420F7F7C7FB3A1D82
:10ECD8004FF6FF730093012348211148F9F778FB99
:10ECE8006420F7F7BBFB3A1D4FF6FF73009301232F
:10ECF8004C210B48F9F76CFB6420F7F7AFFB3A1D82
:10ED08004FF6FF73009301234E210548F9F760FB86
:10ED18006420F7F7A3FB00BF0837BD4680BD00BFDE
:10ED28005440002080B584B000AF0346FB71FFF764
:10ED3800FFFEF860FB795B00FA6822FA03F303F040
:10ED48000203002B14BF01230023DBB2184610373F
:10ED5800BD4680BD80B584B000AF0346FB71FFF7A8
:10ED6800E7FEF860FB795B00FA6822FA03F303F028
:10ED78000103002B14BF01230023DBB21846103710
:10ED8800BD4680BD80B584B000AF0346FB71FFF778
:10ED9800CFFEF860FB795B00FA6822FA03F303F010
:10EDA8000103002B0CBF01230023DBB218461037E8
:10EDB800BD4680BD80B483B000AF0023FB711EE068
:10EDC800FB79134A002142F82310FB79114A0021EC
:10EDD800D154FB79104A002142F82310FB790F4ADD
:10EDE800002142F82310FB790D4A002142F8231034
:10EDF800FB790C4A0021D154FB790133FB71FB7973
:10EE0800072BDDD900BF0C37BD4680BC704700BF5B
:10EE18004005002070050020780500209805002096
:10EE2800B80500206005002080B500AF00F038FD6F
:10EE38000346002B01D100F0A1FF00BF80BD0000F8
:10EE480080B400AF034B01221A7000BFBD4680BCDE
:10EE5800704700BF6805002080B400AF034B002254
:10EE68001A7000BFBD4680BC704700BF680500200F
:10EE780080B400AF024B1B781846BD4680BC704773
:10EE88006805002080B483B000AF0346FB71FB79AE
:10EE9800034A0021D15400BF0C37BD4680BC7047DF
:10EEA8003805002080B400AF034B01221A7000BF60
:10EEB800BD4680BC704700BF3805002080B400AF55
:10EEC800034B01225A7000BFBD4680BC704700BF8B
:10EED8003805002080B400AF034B01229A7000BFB0
:10EEE800BD4680BC704700BF3805002080B400AF25
:10EEF800034B0122DA7000BFBD4680BC704700BFDB
:10EF08003805002080B400AF034B01221A7100BFFE
:10EF1800BD4680BC704700BF3805002080B400AFF4
:10EF2800034B01225A7100BFBD4680BC704700BF29
:10EF38003805002080B400AF034B01229A7100BF4E
:10EF4800BD4680BC704700BF3805002080B400AFC4
:10EF5800034B0122DA7100BFBD4680BC704700BF79
:10EF68003805002080B584B000AF0346FB71FB79FB
:10EF7800072B01D900230BE0FB79074AD35CFB730D
:10EF8800FB7B012B03D1FB791846FFF77BFFFB7B4B
:10EF980018461037BD4680BD3805002090B583B0AF
:10EFA80000AF03463960FB71FB79072B7AD8FB79F0
:10EFB8003E4A52F82330184601F0DCFEFB79184629
:10EFC800FFF760FFFB79002B0AD1FC790022396832
:10EFD800374801F079FD0246344B43F8242062E0BB
:10EFE800FB79012B0AD1FC7900223968314801F0FC
:10EFF8006BFD02462D4B43F8242054E0FB79022B8D
:10F008000AD1FC79002239682B4801F05DFD0246DF
:10F01800264B43F8242046E0FB79032B0AD1FC79E0
:10F0280000223968254801F04FFD02461F4B43F87E
:10F03800242038E0FB79042B0AD1FC7900223968B6
:10F048001F4801F041FD0246184B43F824202AE0EE
:10F05800FB79052B0AD1FC7900223968194801F09F
:10F0680033FD0246114B43F824201CE0FB79062BA4
:10F078000AD1FC7900223968134801F025FD0246BF
:10F088000A4B43F824200EE0FB79072B0BD1FC79BF
:10F09800002239680D4801F017FD0246034B43F87A
:10F0A800242000E000BF0C37BD4690BD400500207D
:10F0B800ADEE0008C5EE0008DDEE0008F5EE00082C
:10F0C8000DEF000825EF00083DEF000855EF000898
:10F0D800B0B584B002AF0023FB71BEE0FB79082B0A
:10F0E80043D1624B0022C3F86421604B002283F8AD
:10F0F8006C215E4B0022C3F868215C4B0022A3F808
:10F1080060215A4B0022A3F86221584B192283F838
:10F118006D21564B192283F86E21FDF749F90346F4
:10F128000C46524A02F5BC72C2E900344F4B03F553
:10F13800BC7318CB4D4A02F5B872C2E900344B4B88
:10F1480003F5BC7318CB1846214605F087F803462B
:10F15800184605F039FA454B03F5C0724FF0FF33F6
:10F168004FF00004C2E9003474E0FB793F4A2C21D7
:10F1780001FB03F313441433E4221A80FB793B4A5E
:10F188002C2101FB03F31344163364221A70FB7914
:10F19800364A2C2101FB03F3134428334FF0FF3286
:10F1A8001A60FB79314A2C2101FB03F31344243301
:10F1B80000221A60FB792D4A2C2101FB03F313442A
:10F1C80000221A70FB79294A2C2101FB03F313440E
:10F1D800203300221A60FC79FB79244A2C2101FB98
:10F1E80003F313441B781D46FB79204A2C2101FBAD
:10F1F80003F3134424331B68FA791C492C2000FBC1
:10F2080002F20A4428321268019200932B462246E1
:10F218001749184807F0D4FA164805F0D5F9FB79CC
:10F22800124A2C2101FB03F313441C3300221A60F9
:10F23800FB790E4A2C2101FB03F31344043300220B
:10F248001A60FB790C4A0021D154FB790B4A002142
:10F2580042F82310FB790133FB71FB79082B7FF609
:10F268003DAF00BF0837BD46B0BD00BFD840002045
:10F27800948401085800002038050020400500202B
:10F2880080B483B000AF0346FB71FB79072B08D825
:10F29800FB79064A2C2101FB03F313442033002297
:10F2A8001A6000BF0C37BD4680BC7047D8400020AC
:10F2B80080B483B000AF03463960FB71FB79072B3C
:10F2C8000ED8FB79094A2C2101FB03F313442033A0
:10F2D8001B683A689A4201D8012302E0002300E043
:10F2E800002318460C37BD4680BC7047D840002024
:10F2F80080B483B000AF03463960FB71FB79072BFC
:10F308001AD8FB790F4A2C2101FB03F31344283345
:10F318003A681A60FB790B4A2C2101FB03F313446A
:10F328001B78022B08D0FB79064A2C2101FB03F33A
:10F338001344243300221A6000BF0C37BD4680BC3A
:10F34800704700BFD840002080B483B000AF0346A8
:10F35800FB71FB79072B08D8FB79064A2C2101FBA6
:10F3680003F31344103300221A6000BF0C37BD4664
:10F3780080BC7047D840002090B400AF044B03F520
:10F38800BC7318CB18462146BD4690BC704700BFD9
:10F39800D840002090B583B000AFC7E90001094B01
:10F3A80003F5BC72D7E90034C2E90034054B03F514
:10F3B800BC7318CB18462146FDF742F900BF0C373D
:10F3C800BD4690BDD840002080B400AF034B93F8F1
:10F3D8006F311846BD4680BC704700BFD84000203A
:10F3E80090B583B000AF104B0022C3F8642100230E
:10F3F800FB710EE00C4BD3F86441FB79184600F022
:10F408007DF803462344084AC2F86431FB79013386
:10F41800FB71FB79072BEDD9034BD3F86431184600
:10F428000C37BD4690BD00BFD840002080B500AF66
:10F43800FFF7D6FF024647F618139A4201D901236F
:10F4480000E00023184680BD80B400AF034B93F85A
:10F458006C311846BD4680BC704700BFD8400020BC
:10F4680080B483B000AF0346FB71FB79072B08D843
:10F47800FB79074A2C2101FB03F3134424331B684F
:10F4880000E0002318460C37BD4680BC704700BF1B
:10F49800D840002080B483B000AF0346FB71FB79ED
:10F4A800072B08D8FB79074A2C2101FB03F31344E7
:10F4B80016331B7800E0002318460C37BD4680BC85
:10F4C800704700BFD840002080B483B000AF034627
:10F4D800FB71FB79072B09D8FB79074A2C2101FB23
:10F4E80003F3134414331B88DBB200E000231846EF
:10F4F8000C37BD4680BC7047D840002080B483B02C
:10F5080000AF0346FB71FB79072B0CD8FB79094A3E
:10F518002C2101FB03F3134404331B68064AA2FBA6
:10F5280003235B0900E0002318460C37BD4680BC66
:10F53800704700BFD84000201F85EB5180B483B0CE
:10F5480000AF0346FB71FB79072B07D8FB79064A06
:10F558002C2101FB03F313441B7800E00923184610
:10F568000C37BD4680BC7047D840002080B400AF3F
:10F57800064B1B78012B04D1044B00221A7001237F
:10F5880000E000231846BD4680BC7047D80500201F
:10F598002DE9904886B000AF396011461A460346F7
:10F5A800FB710B46BB7113467B714FF000037B6107
:10F5B8004FF000033B61FB79082B1CD1AD4B03F5E1
:10F5C800BC73D3E900128B1D42F10004A94A02F56D
:10F5D800BC72C2E90034A74B03F5BC7318CB1846BC
:10F5E8002146FCF79FFFA34BD3F888310133A14A8A
:10F5F800C2F8883138E1FB79072B00F23581FB79B5
:10F60800FB73FA7BFB7B9B492C2000FB02F20A442C
:10F618000C32126897492C2000FB03F30B44083383
:10F628001A60FA7BFB7B93492C2000FB02F20A4408
:10F63800043212688F492C2000FB03F30B440C336F
:10F648001A603B6847F23052934209D9FB7B18464F
:10F6580001F03EF90346002B02D07B79132B12D818
:10F66800FB7B844A2C2101FB03F31344043300225F
:10F678001A60FB7B7F4A2C2101FB03F313441633EA
:10F6880000221A7025E0FB7B7A4A2C2101FB03F348
:10F69800134404333A681A60FB7B764A2C2101FB39
:10F6A80003F3134416337A791A70FB7B714A2C21C1
:10F6B80001FB03F3134410331B683A689A4208D9D4
:10F6C800FB7B6C4A2C2101FB03F3134410333A688B
:10F6D8001A60FC7B00F0CEFE03461946654A2C23CF
:10F6E80003FB04F3134414330A461A80FB7B614A74
:10F6F8002C2101FB03F3134404331B681846F6F767
:10F7080001FB03465C491846F6F708FC03467B6193
:10F71800FB7B584A2C2101FB03F3134414331B8849
:10F728001846F6F7F3FA034679691846F6F742FBE6
:10F7380003461C46FB7B4F4A2C2101FB03F3134471
:10F7480016331B781846F6F7E1FA034619462046A1
:10F75800F6F730FB03463B613869F5F7CDFE034603
:10F768000C461846214608F00DFC02460B46FC7B69
:10F7780010461946F6F7F0F901463E4A2C2303FBDA
:10F7880004F313441C331960FB7B184601F0A0F8FE
:10F798000346012B5FD1374B03F5BC73D3E9001245
:10F7A800FB7B34482C2404FB03F303441C331B6801
:10F7B80097F8280000FB03F33048A0FB03035B091C
:10F7C8009B464FF0000C1BEB01034CEB0204294A4B
:10F7D80002F5BC72C2E90034FB7B264A2C2101FBEE
:10F7E80003F3134424331968FB7B224A2C2000FBC3
:10F7F80003F313441C331B6897F8282002FB03F318
:10F808001E4AA2FB03235A09FB7B0A4419492C20F0
:10F8180000FB03F30B4424331A60FB7B15492C22AD
:10F8280002FB03F20A4420321268013211492C20EB
:10F8380000FB03F30B4420331A60FB7B0D4A2C2199
:10F8480001FB03F3134424331A68FB7B1146184663
:10F85800FCF7FEFC08E0FB7B064A2C2101FB03F3C6
:10F868001344243300221A6000BF1837BD46BDE890
:10F87800908800BFD84000200050C3471F85EB5137
:10F8880080B500AF054B00221A70FFF721FCFEF788
:10F89800C5FFFFF78FFA00BF80BD00BF3405002009
:10F8A80080B500AF234B1B78012B32D0022B39D007
:10F8B800002B00D039E0204BB3F86231B3F5E16F8B
:10F8C80005D81D4BB3F86031B3F5E16F1CD91A4B5D
:10F8D800032283F86C2100F02BFF184B1B68184695
:10F8E80001F048FAFFF7B8FA00224FF4FA71144809
:10F8F80001F0EAF80246114B1A600E4B01221A7009
:10F90800104804F061FE10E00B4B002283F86C21D4
:10F918000BE0FFF7ADFA0346002B05D0054B00229C
:10F928001A7001E000BF00E000BF034B93F86C3190
:10F93800184680BDD9050020D84000206C0500205D
:10F9480049EE0008B484010880B582B000AF0346D0
:10F95800FB71FB79714AD25CFB7971492C2000FB61
:10F9680003F30B441B789A4200F0D080FA79FB79B4
:10F978006B492C2000FB02F20A441178674AD154E3
:10F98800684B01221A70FB79654A2C2101FB03F3AD
:10F9980013441B780C2B00F2BB8001A252F823F011
:10F9A800DDF9000809FA000835FA000861FA0008CC
:10F9B80075FA000889FA00089DFA0008B1FA0008EB
:10F9C800C5FA0008D9FA0008EDFA000819FB000882
:10F9D80001FB0008FB791A465349544806F0F0FE2B
:10F9E800524804F0F1FDFB794D4A2C2101FB03F349
:10F9F80013441A78FB7911461846FCF7A1FB88E0F6
:10FA0800FB791A464A49494806F0DAFE474804F0A5
:10FA1800DBFDFB79424A2C2101FB03F313441A78DE
:10FA2800FB7911461846FCF78BFB72E0FB791A4606
:10FA380040493E4806F0C4FE3C4804F0C5FDFB7949
:10FA4800374A2C2101FB03F313441A78FB7911463A
:10FA58001846FCF775FB5CE0FB791A4636493348D3
:10FA680006F0AEFE314804F0AFFD52E0FB791A46CD
:10FA780032492E4806F0A4FE2C4804F0A5FD48E0C3
:10FA8800FB791A462E49294806F09AFE274804F0C1
:10FA98009BFD3EE0FB791A462A49244806F090FE71
:10FAA800224804F091FD34E0FB791A4626491F48A4
:10FAB80006F086FE1D4804F087FD2AE0FB791A4609
:10FAC80022491A4806F07CFE184804F07DFD20E023
:10FAD800FB791A461E49154806F072FE134804F0D1
:10FAE80073FD16E0FB791A461A49104806F068FEBD
:10FAF8000E4804F069FD0CE0FB791A4616490B48DC
:10FB080006F05EFE094804F05FFD02E000BF00E079
:10FB180000BF00BF0837BD4680BD00BF600500209C
:10FB2800D8400020D8050020C884010858000020CB
:10FB3800DC840108EC840108FC8401080C850108B8
:10FB480018850108288501083885010848850108B5
:10FB5800608501087C8501089485010880B582B01C
:10FB680000AF0346FB71FB790B4A2C2101FB03F321
:10FB7800134408221A70FB7964211846FFF70EFA1D
:10FB8800FB79184600F040FEFB79044A0321D15462
:10FB980000BF0837BD4680BDD84000207005002052
:10FBA80080B582B000AF0346FB71FB790C4A2C216B
:10FBB80001FB03F3134403221A70FB79094A00215D
:10FBC80042F82310FB794FF47A711846FFF7E6F9EB
:10FBD800FB79054A0221D15400BF0837BD4680BDD4
:10FBE800D8400020780500207005002080B582B03C
:10FBF80000AF0346FB71FB791C4A2C2101FB03F380
:10FC0800134404331B6847F22F52934225D8FB79DB
:10FC1800174A52F823200132154941F82320FB796D
:10FC2800134A52F82330092B1CD9FB79104A0021BA
:10FC380042F82310FB7941F288311846FFF7AEF9F4
:10FC4800FB790A4A2C2101FB03F3134403221A709F
:10FC5800FB79084A0221D15404E0FB79044A0021C7
:10FC680042F8231000BF0837BD4680BDD8400020A9
:10FC7800780500207005002080B584B000AF0346E9
:10FC88003960FB713B681A462549264806F098FDFD
:10FC9800244804F099FCFB79234A2C2101FB03F347
:10FCA800134404331B6847F22F52934234D8FB792C
:10FCB8001D4A2C2101FB03F3134408331A68FB790E
:10FCC80019492C2000FB03F30B4404331B68D31A97
:10FCD800FB60FA681549134806F072FD114804F0F4
:10FCE80073FCFB683A689A4216D2FB79104A0021E5
:10FCF80042F82310FB790C4A2C2101FB03F313442F
:10FD080004221A70FB794FF47A711846FFF746F906
:10FD1800FB79084A0221D15400BF1037BD4680BD87
:10FD2800A885010858000020D8400020BC8501089B
:10FD3800780500207005002080B483B000AF03462A
:10FD4800FB71FB790B4A52F823200B4BD3F888310F
:10FD58009A4208D0FB79084AD2F88821054941F827
:10FD68002320012300E0002318460C37BD4680BC41
:10FD7800704700BFDC050020D840002080B500AFE8
:10FD8800B74B1B781846FFF7DFFDB54B1B781846B5
:10FD9800FEF7C8FF0346002B17D0B14B1B78194656
:10FDA800B04A2C2303FB01F3134406221A70AC4B10
:10FDB8001B784FF4FA611846FFF7F0F8A84B1B7848
:10FDC8001A46A94B03219954F8E2A54B1B7818460B
:10FDD800FEF7C0FF0346002B24D0A14B1B78184622
:10FDE80000F076FD0346012B1CD100F08BFC034686
:10FDF800002B17D09A4B1B7819469A4A2C2303FBE1
:10FE080001F3134407221A70954B1B784FF4FA61DB
:10FE18001846FFF7C3F8924B1B781A46924B0321FA
:10FE28009954CBE28E4B1B781846FEF7ABFF03467E
:10FE3800002B24D08A4B1B78184600F049FD034656
:10FE4800002B1CD100F05EFC0346002B17D0844B1E
:10FE58001B781946834A2C2303FB01F313440C2215
:10FE68001A707F4B1B784FF4FA611846FFF796F823
:10FE78007B4B1B781A467C4B032199549EE2784BA6
:10FE88001B781946774A2C2303FB01F313440433E8
:10FE98001B68764A93422ED9714B1B781846FFF798
:10FEA8004BFF0346012B40F089826D4B1B781946A6
:10FEB8006C4A2C2303FB01F3134404331B686B4A7D
:10FEC800934240F27B82664B1B78694A52F82320A2
:10FED8000132674941F82320614B1B781A46644B6D
:10FEE80053F822300A2B40F269825D4B1B78184682
:10FEF800FFF734FE62E25A4B1B7819465C4B00222E
:10FF080043F82120564B1B781A46574B9B5C062B0F
:10FF180000F2428201A252F823F000BF41FF00081C
:10FF2800850001088303010865030108E5FF00084F
:10FF38006502010877010108494B1B781946494AAF
:10FF48002C2303FB01F3134404331B6847F22F529D
:10FF5800934225D9424B1B781946424A2C2303FB6E
:10FF680001F3134402221A703D4B1B781946414B8A
:10FF7800002243F821203A4B1B7819463E4B0022B9
:10FF880043F82120364B1B784FF4FA611846FFF7E7
:10FF980005F8334B1B781A46334B042199540DE26C
:10FFA8002F4B1B78184600F093FC0346012B0AD10F
:10FFB8002B4B1B7819462B4A2C2303FB01F31344C4
:10FFC80001221A70FAE1264B1B781946254A2C2380
:10FFD80003FB01F3134400221A70EFE1204B1B7856
:10FFE8001846FEF7BFFF0346002B29D01C4B1B7891
:08FFF80019461C4A2C2303FBEF
:020000040801F1
:1000000001F3134404331B6847F22F52934214D96F
:10001000154B1B781946194B002243F82120124B2F
:100020001B781946164B002243F821200E4B1B78F3
:100030001A460F4B01219954B9E10B4B1B781A4614
:100040000B4B00219954B2E1074B1B78184600F086
:1000500043FC0346002B40F0AA81034B1B781A4651
:10006000034B00219954A2E1FC050020D840002058
:1000700070050020006A180098050020780500200F
:10008000B8050020B24B1B781946B24A2C2303FB5B
:1000900001F313441B78092B0DD1AD4B1B784FF4A2
:1000A000FA611846FEF77EFFA94B1B781A46AA4B49
:1000B000032199547DE1A64B1B781946A54A2C23B0
:1000C00003FB01F313441B78022B40F07281A04B19
:1000D0001B781846FFF734FE0346012B40F0698178
:1000E0009B4B1B78184600F0F7FB0346012B3CD1D5
:1000F000974B1B784FF4E1611846FFF7DDF8034694
:10010000002B19D0924B1878914B1B781946914AC5
:100110002C2303FB01F3134410331B685B008F4A4D
:10012000A2FB03235B081946FFF7AAFD884B1B7847
:100130001846FFF75FFD3CE1854B1878844B1B7830
:100140001946844A2C2303FB01F3134410331A6825
:1001500013465B0013449B081946FFF791FD7C4B47
:100160001B781846FFF746FD23E1794B1B781846AC
:10017000FFF71AFD1DE1764B1B781846FEF7F6FED9
:100180000346002B17D0724B1B781946714A2C235B
:1001900003FB01F3134403221A706D4B1B7841F2E9
:1001A00088311846FEF7FEFE694B1B781A466A4BEB
:1001B00002219954FFE0664B1B781846FFF7C0FDFB
:1001C0000346012B3FD1624B1B781946614A2C2311
:1001D00003FB01F3134404331B6847F22F5293428D
:1001E00029D95B4B1B785E4A52F8232001325C49C7
:1001F00041F82320564B1B781A46594B53F82230AE
:10020000142B40F2D880524B1B781A46524B0121D6
:1002100099544F4B1B7819464E4A2C2303FB01F38C
:10022000134402221A704A4B1B7819464C4B002289
:1002300043F82120BFE0464B1B781946484B00226B
:1002400043F82120B7E0424B1B78184600F044FBEE
:100250000346002B40F0AF803D4B1B781846FFF75C
:10026000A3FCA8E03A4B1B781846FEF77FFE034636
:10027000002B17D0364B1B781946364A2C2303FB2C
:1002800001F3134404221A70314B1B784FF47A7136
:100290001846FEF787FE2E4B1B781A462E4B02217E
:1002A00099548AE02A4B1B781846FFF749FD03460C
:1002B000012B3ED1264B1B781946264A2C2303FBE3
:1002C00001F3134404331B6847F22F52934228D999
:1002D0001F4B1B78224A52F823200132204941F853
:1002E00023201B4B1B781A461D4B53F82230052B3D
:1002F00063D9174B1B781A46174B01219954144B9D
:100300001B781946134A2C2303FB01F313440222E2
:100310001A700F4B1B781946114B002243F821200D
:100320004BE00B4B1B7819460D4B002243F8212064
:1003300043E0074B1B78184600F0CEFA0346002B2B
:100340003BD1034B1B781846FFF72EFC35E000BF6E
:10035000FC050020D840002070050020ABAAAAAA06
:1003600078050020264B1B781846FEF7FFFD034654
:10037000002B24D0224B1B781A46224B0021995483
:100380001DE01F4B1B781846FEF7F0FD0346002BBF
:1003900017D01B4B1B781A461A4B0021995410E0BA
:1003A000174B1B781A46174B002199540AE000BFDF
:1003B00008E000BF06E000BF04E000BF02E000BFAD
:1003C00000E000BF0E4B18780D4B1B7819460E4A03
:1003D0002C2303FB01F313441B781946FEF782F824
:1003E000074B1B7801335A4203F0070302F0070260
:1003F00058BF5342DAB2024B1A7000BF80BD00BF33
:10040000FC05002070050020D840002080B582B097
:1004100000AF0823FB71FFF70DF80346012B17D13E
:1004200000F0C2FA0346FB71FB79114A2C2101FB53
:1004300003F3134409221A7000F070FAFB791A468C
:100440000C490D4806F0C0F90B4804F0C1F80BE068
:1004500000F07EFA0346002B02D100F06BFA03E0B5
:1004600000F086FA00F05AFA00BF0837BD4680BD9A
:10047000D8400020D48501085800002080B582B003
:1004800000AF0B4B1B681846F5F7E8FD0346FB80F1
:10049000FB88F02B02D9E623FB8004E0FB88DB2BF2
:1004A00001D8E623FB80FB8818460837BD4680BD8F
:1004B0003406002080B582B000AF04F053FB474BF8
:1004C0001B78012B1FD0022B50D0002B00D081E0D5
:1004D000434B1B7883F00103DBB2002B0FD0414B61
:1004E0001B780133DAB23F4B1A703E4B1B781A4629
:1004F0003D493E4806F068F93C4804F069F8374B3E
:1005000001221A7066E03A4B1A783A4B1B789A42ED
:1005100010D1F5F79DFF0246374B1B68D31A41F205
:100520008732934253D9354B01221A70304B002247
:100530001A704FE0314B00221A70F5F789FF02461E
:100540002D4B1A602A4B1B7819462D4A0B465B002F
:100550000B449B00134402331A88224B5A802148D3
:1005600004F058FB1D4B02221A7033E0254804F0BA
:10057000A7FB0346002B16D0224B9B781946224836
:1005800000F08AF878601A4B1B787A6819461F4881
:1005900000F04AF8164B1B780133DAB2144B1A708C
:1005A0000E4B01221A70F5F753FF0246124B1B68DF
:1005B000D31A41F2883293420BD9154804F008F857
:1005C000074B00221A70054B00221A7001E000BF91
:1005D00000E000BF00BF0837BD4680BDD20100204B
:1005E00032060020C80000203886010800060020DE
:1005F00033060020D301002058070020D40100203A
:10060000800000204C0600204F0600203406002009
:100610005486010880B400AF024B1846BD4680BC2A
:10062000704700BF3406002080B485B000AFF8608A
:100630000B467A60FB72FB7A052B27D801A252F891
:1006400023F000BF5D060108650601086D0601087C
:10065000750601087D06010885060108FB687A68B1
:100660001A6014E0FB687A685A6010E0FB687A68E8
:100670009A600CE0FB687A68DA6008E0FB687A68E8
:100680001A6104E0FB687A685A6100E000BF00BFAD
:100690001437BD4680BC704780B584B000AF786029
:1006A0000B46FB70FB78042B05D00B4803F090FF42
:1006B0004FF000030CE07B68DB783B737B689B7832
:1006C0007B737B685B78BB737B681B78FB73FB6811
:1006D00018461037BD4680BD8C86010880B400AF37
:1006E000034B00221A7000BFBD4680BC704700BF9C
:1006F0000802002080B400AF034B01221A7000BF33
:10070000BD4680BC704700BF0802002080B400AF27
:10071000024B1B781846BD4680BC7047080200207B
:1007200080B500AF002202210248F7F7FDFC00BFB0
:1007300080BD00BF000C014080B582B000AF002337
:10074000FB710AE0FB790C4A0021D154FB790B4A7A
:100750000821D154FB790133FB71FB79072BF1D9C7
:1007600000F096F8064B01221A70FFF7D9FF00BF80
:100770000837BD4680BD00BF84420020744200207F
:100780000802002080B582B000AF0346FB71FB7900
:10079000072B2DD8FB79184AD35C002B02D1174BBD
:1007A00001221A70FB79144A0121D154FB791846B1
:1007B00000F028F900F0B2F8FB79114A52F8230052
:1007C000FB79104A32F8133001221946F7F7ACFCD6
:1007D0000D4B1B68184600F0D1FAFFF77FFF00228F
:1007E00064210A4800F074F90246074B1A6000E0E1
:1007F00000BF0837BD4680BD844200205C07002052
:10080000E8010020D801002060070020F50601085B
:1008100080B582B000AF0346FB71FB79072B27D868
:10082000FB79154AD35C012B02D1144B01221A70BB
:10083000FB79114A0021D154FB79114A52F8230067
:10084000FB79104A32F8133000221946F7F76CFC96
:100850000D4B1B68184600F091FAFFF73FFF00228E
:1008600064210A4800F034F90246074B1A6000E0A0
:1008700000BF0837BD4680BD844200205C070020D1
:10088000E8010020D801002060070020F5060108DB
:1008900080B582B000AF0023FB7110E0FB790B4AFA
:1008A00052F82300FB790A4A32F81310FB79094AFF
:1008B000D35C1A46F7F738FCFB790133FB71FB79FF
:1008C000072BEBD900BF0837BD4680BDE8010020EB
:1008D000D80100208442002080B483B000AF0346DA
:1008E000FB71FB79034AD35C18460C37BD4680BCCC
:1008F000704700BF8442002080B400AF064B1B78D5
:10090000002B04D0044B00221A70012300E00023C6
:100910001846BD4680BC70475C07002080B400AF1D
:10092000034B00221A7000BFBD4680BC704700BF59
:100930006507002080B400AF044B1B780133DAB2A6
:10094000024B1A7000BFBD4680BC7047650700208F
:1009500080B400AF054B1B783B2B01D9012300E08D
:1009600000231846BD4680BC704700BF65070020C5
:1009700080B483B000AF0023FB7106E0FB79084A26
:100980000821D154FB790133FB71FB79072BF5D991
:10099000044B00221A7000BF0C37BD4680BC704764
:1009A000744200206407002080B582B000AF134B72
:1009B0001B781A46124B9B5CFB71104B1B781A4636
:1009C0000F4B9B5C1846FFF723FF0C4B1B781A4616
:1009D0000B4B08219954094B1B78002B03D1074B73
:1009E00007221A7005E0054B1B78013BDAB2034B76
:1009F0001A70FB7918460837BD4680BD6407002091
:100A00007442002080B483B000AF0346FB71FB79D1
:100A1000072B13D80C4B1B7801335A4203F0070302
:100A200002F0070258BF5342DAB2074B1A70064B66
:100A30001B781946054AFB79535400E000BF0C3778
:100A4000BD4680BC704700BF640700207442002090
:100A500080B400AF094B1B680133084A1360074B91
:100A60001B68002B04D1054B1B680133034A13603C
:100A7000024B1B681846BD4680BC704768070020C3
:100A800080B400AF104B1B6801330F4A13600F4B4B
:100A90001B68002B13D00D4B1B7B002B0FD10B4B76
:100AA0005B68002B04D0094B5B68013B074A53602D
:100AB000064B5B68002B02D1044B01221A7300BF66
:100AC000BD4680BC704700BF6C070020B4420020C8
:100AD00090B589B000AFF860B9607A600023FB7709
:100AE0000023BB6100233B610023FB7733E1FA7FE6
:100AF000A14913469B0013449B000B4404331B681D
:100B0000BA691344BB61BA69BB689A4240F2C180BA
:100B1000FA7F994913469B0013449B000B4404330E
:100B20001A68BB69D31ABA6813443B61FA7FB96982
:100B3000BB68C91A904813469B0013449B000344AA
:100B4000043319602723FB754CE0FB7D591EFA7DA9
:100B500089480B469B000B449B0003441968864858
:100B600013469B0013449B0003441960FB7D591EF0
:100B7000FA7D81480B469B000B449B0003440833DD
:100B800019687D4813469B0013449B0003440833B7
:100B90001960FB7D591EFA7D77480B469B000B447C
:100BA0009B00034404331968734813469B001344A5
:100BB0009B00034404331960FB7D591EFA7D6E4887
:100BC0000B469B000B449B000344103319686A4892
:100BD00013469B0013449B00034410331960FB7DB4
:100BE000013BFB75FA7DFB7F9A42AED8FA7F6249E2
:100BF00013469B0013449B000B44FA681A60FA7F6B
:100C00005D4913469B0013449B000B4404333A692F
:100C10001A60FA7F584913469B0013449B000B440B
:100C200008337A681A60FA7F534913469B001344CD
:100C30009B000B4404331B68002B0AD1FA7F4E49FA
:100C400013469B0013449B000B440C3301221A7083
:100C500009E0FA7F484913469B0013449B000B446C
:100C60000C3300221A70FC7FFFF7F2FE0146424A65
:100C700023469B0023449B00134410331960FA7FE2
:100C80003D4913469B0013449B000B4410331B68E3
:100C90006EE0FA7F384913469B0013449B000B44D7
:100CA0001B68002B54D1FA7F334913469B00134431
:100CB0009B000B44FA681A60FA7FB968BB69C91ACD
:100CC0002D4813469B0013449B00034404331960D2
:100CD000FA7F294913469B0013449B000B440833B9
:100CE0007A681A60FA7F244913469B0013449B00DC
:100CF0000B4404331B68002B0AD1FA7F1E491346AC
:100D00009B0013449B000B440C3301221A7009E032
:100D1000FA7F194913469B0013449B000B440C3384
:100D200000221A70FC7FFFF793FE0146124A234609
:100D30009B0023449B00134410331960FA7F0E4933
:100D400013469B0013449B000B4410331B680FE0B9
:100D5000FB7F0133FB77FB7F272B7FF6C8AEFA7F43
:100D6000054913469B0013449B000B4410331B683A
:100D700018462437BD4690BDB442002080B485B0EB
:100D800000AF786000237B737B68002B00F0E2806B
:100D90000023FB73DAE0FA7B714913469B0013448E
:100DA0009B000B4410331B687A689A4240F0CB805A
:100DB00001237B73FB7B002B2BD0FB7B262B28D8BE
:100DC000FB7B5A1C664913469B0013449B000B4453
:100DD0001B68002B1DD0FB7B5A1C614913469B00EE
:100DE00013449B000B4404331968FA7B5C48134698
:100DF0009B0013449B00034404331B68FA7B0132BD
:100E00001944574813469B0013449B000344043382
:100E10001960FB7BBB7360E0BB7B591CBA7B5048FD
:100E20000B469B000B449B00034419684C48134637
:100E30009B0013449B0003441960BB7B591CBA7B85
:100E400047480B469B000B449B000344083319683A
:100E5000434813469B0013449B0003440833196026
:100E6000BB7B591CBA7B3E480B469B000B449B0046
:100E70000344043319683A4813469B0013449B000B
:100E8000034404331960BB7B591CBA7B34480B46BE
:100E90009B000B449B0003440C33187830491346E5
:100EA0009B0013449B000B440C3302461A70BB7B1F
:100EB000591CBA7B2A480B469B000B449B000344F9
:100EC00010331968264813469B0013449B000344C3
:100ED00010331960BB7B0133BB73BB7B262B9BD9C3
:100EE000BA7B1F4913469B0013449B000B4400220E
:100EF0001A60BA7B1A4913469B0013449B000B44AB
:100F0000083300221A60BA7B154913469B0013442C
:100F10009B000B44043300221A60BA7B104913462D
:100F20009B0013449B000B440C3300221A70BA7BC5
:100F30000B4913469B0013449B000B4410330022C3
:100F40001A607B7B07E0FB7B0133FB73FB7B272B6A
:100F50007FF621AF7B7B18461437BD4680BC7047B7
:100F6000B4420020B0B586B000AF114B1B7B002B04
:100F700019D00F4B1B6898470D4B00221A730C4B6E
:100F80003C1D1D460FCD0FC42B6823607B6918469E
:100F9000FFF7F4FEFB68002B05D07B68F968FA6860
:100FA0001846FFF795FD00BF1837BD46B0BD00BF1E
:100FB000B442002080B400AF034B01221A7000BF7E
:100FC000BD4680BC704700BF7007002080B400AFF2
:100FD000034B00221A7000BFBD4680BC704700BFA3
:100FE0007007002080B400AF054B1B78012B0CBFAD
:100FF00001230023DBB21846BD4680BC704700BF0A
:101000007007002080B400AF034B01221A7000BFAC
:10101000BD4680BC704700BF7107002080B400AFA0
:10102000034B00221A7000BFBD4680BC704700BF52
:101030007107002080B400AF054B1B78012B0CBF5B
:1010400001230023DBB21846BD4680BC704700BFB9
:101050007107002080B400AF064B04221A70064BC3
:1010600007221A70054B00221A7000BFBD4680BCD3
:10107000704700BF090200200A0200207307002009
:1010800080B483B000AF0346FB71044AFB79137050
:1010900000BF0C37BD4680BC704700BF73070020FF
:1010A00080B500AFFFF786FFFFF7ACFF024B0022D1
:1010B0001A7000BF80BD00BF0902002080B400AFDD
:1010C000054B1B78062B0CBF01230023DBB218460F
:1010D000BD4680BC704700BF0902002080B582B0C9
:1010E00000AFFDF733FD0346BB80524B00221A7060
:1010F0000023FB710EE0FA794E4B1B78591CC8B2E5
:101100004C49087019464C4B9A5C4C4B5A54FB792D
:101110000133FB71484803F083F803461A46FB7914
:101120009342E8D3434B1B78182B7ED8BB88444AA4
:10113000A2FB03239B099BB2DAB23E4B1B78591CDE
:10114000C8B23C490870194602F13003DAB23B4B91
:101150005A54BB883A4AA2FB031292094FF47A719F
:1011600001FB02F29B1ABB80BB88364AA2FB032319
:101170005B099BB2DAB22F4B1B78591CC8B22D49C0
:101180000870194602F13003DAB22C4B5A54BB886E
:101190002C4AA2FB03125209642101FB02F29B1AA2
:1011A000BB80BB88284AA2FB0323DB089BB2DAB2D0
:1011B000204B1B78591CC8B21E490870194602F111
:1011C0003003DAB21D4B5A54BA881F4BA3FB0213EB
:1011D000D9080B469B000B445B00D31ABB80BB882D
:1011E000DAB2144B1B78591CC8B212490870194660
:1011F00002F13003DAB2114B5A540E4B1B785A1CD1
:10120000D1B20C4A11701A460C4B1A219954094B51
:101210001B785A1CD1B2074A11701A46074B00219D
:101220009954064803F0F2FA00E000BF0837BD46C3
:1012300080BD00BF72070020DC8A0108D445002071
:10124000D34D62101F85EB51CDCCCCCC80B582B094
:1012500000AFFDF77BFC0346BB805F4B00221A709A
:101260000023FB710EE0FA795B4B1B78591CC8B266
:10127000594908701946594B9A5C594B5A54FB7995
:101280000133FB71554802F0CBFF03461A46FB7948
:101290009342E8D30023BB710EE0BA794E4B1B7822
:1012A000591CC8B24C49087019464E4B9A5C4C4BBD
:1012B0005A54BB790133BB714A4802F0B1FF03466F
:1012C0001A46BB799342E8D3434B1B78182B7ED840
:1012D000BB88454AA2FB03239B099BB2DAB23E4B73
:1012E0001B78591CC8B23C490870194602F13003FA
:1012F000DAB23B4B5A54BB883B4AA2FB0312920919
:101300004FF47A7101FB02F29B1ABB80BB88374A0B
:10131000A2FB03235B099BB2DAB22F4B1B78591C4B
:10132000C8B22D490870194602F13003DAB22C4BCD
:101330005A54BB882D4AA2FB03125209642101FBB7
:1013400002F29B1ABB80BB88294AA2FB0323DB085D
:101350009BB2DAB2204B1B78591CC8B21E490870E8
:10136000194602F13003DAB21D4B5A54BA88204BA9
:10137000A3FB0213D9080B469B000B445B00D31A56
:10138000BB80BB88DAB2144B1B78591CC8B2124917
:101390000870194602F13003DAB2114B5A540E4B61
:1013A0001B785A1CD1B20C4A11701A460C4B1A21E8
:1013B0009954094B1B785A1CD1B2074A11701A462E
:1013C000074B00219954064803F020FA00E000BFC3
:1013D0000837BD4680BD00BF72070020E88A0108BB
:1013E000D4450020A48A0108D34D62101F85EB511B
:1013F000CDCCCCCC80B582B000AFFDF7A7FB0346C7
:10140000BB80524B00221A700023FB710EE0FA7968
:101410004E4B1B78591CC8B24C49087019464C4BAE
:101420009A5C4C4B5A54FB790133FB71484802F0EB
:10143000F7FE03461A46FB799342E8D3434B1B78E9
:10144000182B7ED8BB88444AA2FB03239B099BB27E
:10145000DAB23E4B1B78591CC8B23C490870194699
:1014600002F13003DAB23B4B5A54BB883A4AA2FB32
:10147000031292094FF47A7101FB02F29B1ABB80AE
:10148000BB88364AA2FB03235B099BB2DAB22F4B1F
:101490001B78591CC8B22D490870194602F1300357
:1014A000DAB22C4B5A54BB882C4AA2FB03125209C5
:1014B000642101FB02F29B1ABB80BB88284AA2FB75
:1014C0000323DB089BB2DAB2204B1B78591CC8B24D
:1014D0001E490870194602F13003DAB21D4B5A5406
:1014E000BA881F4BA3FB0213D9080B469B000B4481
:1014F0005B00D31ABB80BB88DAB2144B1B78591C33
:10150000C8B212490870194602F13003DAB2114B21
:101510005A540E4B1B785A1CD1B20C4A11701A4601
:101520000C4B1A219954094B1B785A1CD1B2074A0B
:1015300011701A46074B00219954064803F066F9CA
:1015400000E000BF0837BD4680BD00BF7207002025
:10155000F08A0108D4450020D34D62101F85EB515D
:10156000CDCCCCCC80B500AF034B00221A70034821
:1015700003F04CF900BF80BD7C070020C48A01083D
:1015800080B500AF0A4B1B78002B02D1FFF75EFE3F
:101590000CE0074B1B78012B02D1FFF79FFD05E004
:1015A000034B1B78022B01D1FFF724FF00BF80BD46
:1015B0007307002080B500AF034B00221A70034868
:1015C00003F024F900BF80BD76070020B88A010827
:1015D00080B500AF034B00221A70034803F016F9E0
:1015E00000BF80BD76070020AC8A010880B500AF3F
:1015F0001C4B1A781C4B1B789A422DD01A4B1A7828
:10160000184B1A70184B1B78062B27D801A252F8DA
:1016100023F000BF311601085D16010839160108D4
:1016200041160108491601085D1601085116010806
:101630000E4802F0CDFF12E00D4802F0C9FF0EE0A7
:101640000C4802F0C5FF0AE00B4802F0C1FF06E0BB
:101650000A4802F0BDFF02E000BF00E000BF00BF8B
:1016600080BD00BF0A02002009020020A8860108F0
:10167000B8860108CC860108F086010800870108B9
:1016800080B500AFFFF7AEFC0346002B00F08F8063
:1016900001F0A8FD0346002B00F08980FFF7A6FFAC
:1016A0004A4B1B78062B7ED801A252F823F000BFCC
:1016B000CD160108EF1601081D17010829170108AA
:1016C0004D1701086F170108B3170108FFF7B2FCA7
:1016D0000346002B6FD03E4B00221A703D4B002278
:1016E0001A70FFF767FF394B01221A7063E0384B1D
:1016F0001B78002B02D0354B02221A70354B1B7819
:10170000002B5AD0FFF78AFC00224FF49671324822
:10171000FFF7DEF92D4B00221A704EE0FFF722FF93
:101720002A4B03221A704FE02C4B1B78002B46D01B
:10173000FFF726FFFFF772FC00224FF49671264850
:10174000FFF7C6F9214B04221A7038E0FFF772FC4C
:101750000346002B35D0FFF73BFF1D4B00221A70CC
:101760001C4B00221A70194B05221A7029E0184BE5
:101770001B78002B07D0FFF729FC0120FFF780FC26
:10178000124B06221A70134B1B78002B1BD0FFF74D
:1017900045FC00224FF496710F48FFF799F90B4B67
:1017A00004221A700FE0094B00221A700CE000BFEF
:1017B0000AE000BF08E000BF06E000BF04E000BF91
:1017C00002E000BF00E000BF00BF80BD09020020B2
:1017D0007607002077070020051001087C0700200D
:1017E00080B500AF00F014F8074B1B780A2B08D81F
:1017F000054B1B78054ADB0013445B6898470023C0
:1018000000E00123184680BD640200200C02002085
:1018100080B500AF234B1A78234B1B789A423BD0FC
:10182000214B1A781F4B1A701F4B1B78072B35D88A
:1018300001A252F823F000BF6918010871180108CD
:101840007918010881180108891801089118010800
:101850005918010861180108144802F0B9FE1EE089
:10186000134802F0B5FE1AE0124802F0B1FE16E08D
:10187000114802F0ADFE12E0104802F0A9FE0EE0A1
:101880000F4802F0A5FE0AE00E4802F0A1FE06E0B5
:101890000D4802F09DFE02E000BF00E000BF00BF67
:1018A00080BD00BF6502002064020020448801085A
:1018B0005C8801088088010894880108B0880108C4
:1018C000C4880108E0880108F088010880B483B06A
:1018D00000AF0346FB71044AFB79137000BF0C375D
:1018E000BD4680BC704700BF6402002080B500AFD9
:1018F0000F4B00221A700F4B00221A700E4B282239
:101900001A600E4B00221A700D4B00221A700D4BFC
:101910000B221A700C4B00221A8000F017F800F00E
:1019200053F800F063F8FCF797FE00BF80BD00BFDE
:101930008107002082070020840700208C070020F8
:1019400064020020650200208E07002080B584B06C
:1019500000AF3B4600221A605A609A60DA600123A9
:101960007B600123BB600323FB604FF480733B600B
:101970003B4619460748F6F7A1F94FF400733B6060
:101980003B4619460348F6F799F900BF1037BD46A4
:1019900080BD00BF0010014080B400AF00BFBD4655
:1019A00080BC704780B400AF00BFBD4680BC7047AC
:1019B00080B500AF01224FF480710248F6F7B4FB06
:1019C00000BF80BD0010014080B500AF00224FF481
:1019D00080710248F6F7A8FB00BF80BD00100140EF
:1019E00080B400AF00BFBD4680BC704780B400AF7C
:1019F00000BFBD4680BC704780B500AF002200210B
:101A00000648FFF765F800224FF496710448FFF787
:101A10005FF8FCF721FE00BF80BD00BFB1190108CF
:101A2000C919010880B400AF034B00221A7000BF2F
:101A3000BD4680BC704700BF8107002080B500AF65
:101A4000034B01221A70034802F0C2FD00BF80BDA3
:101A5000810700201089010880B400AF024B1B7879
:101A60001846BD4680BC70478107002080B400AF97
:101A7000034B00221A7000BFBD4680BC704700BFF8
:101A80008207002080B400AF034B01221A7000BF10
:101A9000BD4680BC704700BF8207002080B400AF05
:101AA000024B1B781846BD4680BC70478207002059
:101AB00080B400AF134B00221A70134B00221A702F
:101AC000124B00221A70124B00221A70114B002286
:101AD0001A70114B00221A70104B00221A70104B12
:101AE00000221A700F4B00221A700F4B00221A703E
:101AF0000E4B00221A700E4B00221A7000BFBD461A
:101B000080BC70477607002075070020740700200E
:101B10007707002078070020790700207A07002047
:101B20007B0700207C0700207D0700207E07002027
:101B30008007002080B500AF002200210B48FEF78F
:101B4000C7FF00221E210A48FEF7C2FFFFF7B0FFC1
:101B5000FFF768FF0022C8210648FEF7B9FFFCF72F
:101B600087FD054B01221A7000BF80BDB119010825
:101B7000C91901083D1A01086402002080B500AFB0
:101B8000FFF76AFF0346002B02D0024B06221A70B1
:101B900000BF80BD6402002080B500AF002200219C
:101BA0000948FEF795FF00221E210848FEF790FF26
:101BB000FFF738FF0022C8210548FEF789FF054BD3
:101BC00005221A7000BF80BDE1190108ED19010856
:101BD0003D1A01086402002080B500AFFFF73CFF0A
:101BE0000346002B02D0024B06221A7000BF80BDB4
:101BF0006402002080B500AF002200210B48FEF7F0
:101C000067FF00224FF496710948FEF761FFFFF766
:101C1000C3FEFFF707FF002240F6B8310548FEF784
:101C200057FF054B03221A7000BF80BDB119010890
:101C3000C91901083D1A01086402002080B500AFEF
:101C4000FFF70AFF0346002B04D0FFF7ABFE024B61
:101C500000221A7000BF80BD6402002080B500AF72
:101C60000B4B1B780133DAB2094B1A70094B1B6816
:101C70001846FFF783F8FFF7D5FE002241F2707196
:101C80000548FEF725FF0246024B1A6000BF80BDE3
:101C90008C070020840700203D1A010880B500AFA2
:101CA0000A4B1B681846FFF769F8FFF7BBFE0022D6
:101CB00041F270710648FEF70BFF0246034B1A60B3
:101CC000044B07221A7000BF80BD00BF84070020AC
:101CD0003D1A01086402002080B500AF1C4B1B7840
:101CE000012B19D11A4B00221A701A4B00221A70BC
:101CF000194B1B681846FFF741F8FFF793FE0022C7
:101D00004FF4FA611548FEF7E3FE0246124B1A60E3
:101D1000134B08221A7009E0124B1B78002B05D0D8
:101D2000104B00221A700E4B02221A70FFF794FE1D
:101D30000346002B03D10C4B1B78002B05D00A4B1C
:101D400000221A70064B02221A7000BF80BD00BF2D
:101D50007407002075070020840700203D1A010841
:101D600064020020770700207807002080B500AFCC
:101D7000FFF772FE0346002B22D0124B00221A708E
:101D8000114B00221A70114B09221A70104B1B685C
:101D90001846FEF7F3FFFFF745FE002241F270718F
:101DA0000C48FEF795FE0246094B1A60FFF75EFEEF
:101DB0000022C8210848FEF78BFE0246074B1A6036
:101DC00000BF80BD910700208C0700206402002026
:101DD000840700203D1A0108851A010888070020A1
:101DE00080B500AFFFF75AFE0346002B16D0FFF771
:101DF00035FF0B4B00221A700A4B00221A700A4B57
:101E000000221A70094B1B781A46094B53F83230DE
:101E1000184602F0FBFC074B0A221A7000BF80BD77
:101E20007607002077070020780700209107002020
:101E3000948B01086402002080B500AF2E4B1B7804
:101E4000002B1DD02C4B00221A702C4B09221A702B
:101E5000FFF70CFE0022C8212948FEF739FE024692
:101E6000284B1A60284B1B780133DAB2264B1A70C4
:101E7000254B1B780F2B1BD9204B0B221A7017E018
:101E8000224B1B78002B13D0204B00221A70204BC2
:101E90001B78032B09D91E4B00221A70174B022204
:101EA0001A701C4802F094FB02E0144B09221A70CD
:101EB000FFF7D2FD0346002B0CD0174B00221A70FF
:101EC000134B00221A700D4B02221A70134802F0B5
:101ED0007FFB0FE0104B1B78002B0BD00E4B00222A
:101EE0001A700B4B00221A70044B02221A700C4815
:101EF00002F06EFB00BF80BD760700206402002068
:101F0000851A010888070020910700207707002024
:101F10008C070020348901087807002070890108A7
:101F2000B089010880B584B000AF78600023FB73EE
:101F3000786802F075F90346BB730DE0FB7B0B4A32
:101F4000D25CFB7B79680B441B789A4201D000235A
:101F500007E0FB7B0133FB73FA7BBB7B9A42EDD33B
:101F6000012318461037BD4680BD00BFF445002050
:101F700080B582B000AF0346FB71FB790233064A9D
:101F8000D35C782B04D1054802F022FB02F0E6FC7A
:101F900000BF0837BD4680BDF4450020E889010830
:101FA00080B582B000AF0346FB71FB790233064A6D
:101FB000D35C732B04D1054802F00AFBFFF770F8DD
:101FC00000BF0837BD4680BDF4450020F8890108F0
:101FD00080B584B000AF78600B467B80786802F0F3
:101FE0001FF90346FB73394B1B7A303B9BB21A46F1
:101FF0005201D21A92001344DB00BB81334B5B7A4F
:10200000303B9BB21A46920013441A4691001A467E
:102010000B4613449B009AB2BB891344BB812B4BE4
:102020009B7A303B9BB21A46920013445B009AB2F3
:10203000BB891344BB81254BDB7A9AB2BB8913441D
:102040009BB2303BBB817A88BB899A4239D1FB7BFA
:1020500002331E4AD35C312B2BD1FB7B03331B4A4B
:10206000D35C303BFB72FB7B0433184AD35C303BC0
:10207000BB72BB7A012B12D1FB7A1846FEF782FBAA
:10208000FB7A4FF0FF311846FDF736F9FB7A184618
:10209000FDF7FAF8FB7A1846FDF75AF911E0FB7ADA
:1020A0001846FEF7B5FBFB7A00211846FDF724F928
:1020B00007E0FB7B1846FFF75BFFFB7B1846FFF74B
:1020C0006FFF00BF1037BD4680BD00BFF445002044
:1020D0002DE9F04886B000AF78600B467B807868C9
:1020E00002F09EF80346BB734FF000034FF000046C
:1020F000C7E904343E4B1B7A303B9BB21A4652016F
:10210000D21A92001344DB00BB81394B5B7A303B1F
:102110009BB21A46920013441A4691001A460B4687
:1021200013449B009AB2BB891344BB81304B9B7A0A
:10213000303B9BB21A46920013445B009AB2BB89B3
:102140001344BB812A4BDB7A9AB2BB8913449BB2FE
:10215000303BBB817A88BB899A4243D1BB7B023337
:10216000234AD35C2A2B3DD1BB7B0D33204AD35C61
:10217000232B37D10123FB732DE0D7E90456AB465F
:10218000B4464FF000014FF000024FEA8C0242EAE1
:102190009B724FEA8B018B4694461BEB050B4CEB75
:1021A000060C1BEB0B034CEB0C049B46A446594658
:1021B0006246BB7B981CFB7B03440D48C35C303BF1
:1021C0001D464FEAE5766B1846EB0204C7E9043476
:1021D000FB7B0133FB73FB7B0A2BCED9D7E90401D0
:1021E000FDF7DCF800BF1837BD46BDE8F08800BF3A
:1021F000F445002080B584B000AF78600B467B804A
:10220000786802F00DF80346BB73304B1B7A303B05
:102210009BB21A465201D21A92001344DB00BB81D2
:102220002A4B5B7A303B9BB21A46920013441A4603
:1022300091001A460B4613449B009AB2BB89134483
:10224000BB81224B9B7A303B9BB21A4692001344CF
:102250005B009AB2BB891344BB811C4BDB7A9AB2F8
:10226000BB8913449BB2303BBB817A88BB899A42BD
:1022700027D10023FB7321E0BB7B9A1CFB7B9B00D7
:102280001344124AD35C303BFB72BB7B9A1CFB7B32
:102290009B00134402330D4AD35C303BBB72BB7AC4
:1022A000012B04D1FB7A1846FEF76CFA03E0FB7AA7
:1022B0001846FEF7ADFAFB7B0133FB73FB7B072B64
:1022C000DAD900BF1037BD4680BD00BFF4450020FD
:1022D00080B483B000AF03460A46FB711346BB715E
:1022E000FB790D2B04D1BB790A2B01D1012308E026
:1022F000FB790A2B04D1BB790A2B01D1012300E021
:10230000002318460C37BD4680BC704780B483B0AC
:1023100000AF03460A46FB711346BB71FB79202BC5
:1023200004D1BB79022B01D1012300E00023184620
:102330000C37BD4680BC704780B483B000AF034605
:102340000A46FB711346BB71FB79902B04D1BB7914
:10235000032B01D1012300E0002318460C37BD46B2
:1023600080BC704780B500AFA04B1B78072B00F2F4
:10237000478201A252F823F099230108B7230108EC
:10238000B7240108C52401086D26010801280108A9
:10239000212701089127010802F0EEF90346002BDE
:1023A00000F0308200F048FA904B01221A70904BF6
:1023B00001221A7026E202F0DFF90346002B00F03A
:1023C00023828C4B1A788C4B1A7002F0E9F9034681
:1023D0001A46884B1A70874B1B783E2B03D1834BD0
:1023E00002221A7010E2844B1A78824B1B7819462D
:1023F0001046FFF78BFF0346012B03D17F4B0122D1
:102400001A7001E27C4B1A787A4B1B7819461046F9
:10241000FFF792FF0346012B03D1794B01221A707B
:10242000F2E1754B1A78734B1B7819461046FFF78B
:102430004FFF0346012B03D16C4B03221A70E3E1DB
:102440006D4B1B78302B0DD16A4B1B780F2B03D0B3
:10245000684B1B78112B05D1644B04221A7000F0D5
:10246000EBF927E0644B1B78312B09D1614B1B78CA
:10247000332B05D15D4B06221A7000F0DDF919E00F
:102480005D4B1B78302B09D15A4B1B78182B05D18B
:10249000564B07221A7000F0CFF90BE0594B1B780E
:1024A0005A1CD1B2574A11701A46524B1978564BE2
:1024B0009954A9E1A8E1554B01221A704B4B002217
:1024C0001A70A8E15248FFF72DFD0346002B03D0F8
:1024D000504B01221A7084E04F48FFF723FD03465A
:1024E000002B03D04D4B01221A707AE04C48FFF7C5
:1024F00019FD0346002B03D04A4B01221A7070E0ED
:102500004948FFF70FFD0346002B03D0454B01223E
:102510001A7066E04548FFF705FD0346002B11D011
:10252000434B01221A70434B1B88772B06D8414B33
:102530001B8801339AB23F4B1A8052E03D4B782200
:102540001A804EE03C48FFF7EDFC0346002B11D00B
:102550003A4802F03DF8374B1B88772B06D8354BAD
:102560001B8801339AB2334B1A803AE0314B782200
:102570001A8036E03248FFF7D5FC0346002B03D023
:10258000304B01221A702CE02F48FFF7CBFC03469A
:10259000002B06D02D4B00221A702D4B01221A70F1
:1025A0001FE02C48FFF7BEFC0346002B03D0274B4F
:1025B00001221A7015E02848FFF7B4FC0346002BEF
:1025C00003D0264B01221A700BE02548FFF7AAFC26
:1025D0000346002B05D0234B01221A70224801F03C
:1025E000F7FF024B00221A7015E100BF9007002090
:1025F0007E07002092070020930700207A07002022
:102600007B0700208D070020F44500207C07002078
:10261000048B010874070020108B01087507002047
:102620002C8B0108760700201C8B0108308B0108D9
:10263000770700208E070020688B01080C8A0108AC
:10264000508B010878070020448B01087D0700208B
:1026500079070020388B01085C8B01087F07002078
:10266000888B0108800700201C8A010802F084F88A
:102670000346002B00F0CA80684B1A78684B1A702A
:1026800002F08EF803461A46644B1A70644B1A78AF
:10269000624B1B7819461046FFF71AFE0346012BC2
:1026A0000AD1FCF753FA034619465E48FFF790FC3F
:1026B0005D4B00221A70A9E0594B1B78302B14D1C6
:1026C000564B1B780F2B03D0544B1B78112B0CD17E
:1026D000554B04221A70FCF739FA03461946514843
:1026E000FFF776FC00F0A8F890E0504B1B785A1CDE
:1026F000D1B24E4A11701A46484B19784C4B995436
:102700004A4B1B780E2B40F28180FCF71FFA0346E0
:1027100019464448FFF75CFC434B00221A7075E0F1
:1027200002F02AF80346002B72D03C4B1A783C4B3F
:102730001A7002F035F803461A46384B1A70384BB7
:102740001A78364B1B7819461046FFF7C1FD034631
:10275000002B03D0344B00221A7059E0334B1B7806
:102760005A1CD1B2314A11701A462C4B1978304B91
:1027700099542E4B1B78322B4AD9FCF7E7F90346C4
:1027800019462C48FFF736FD274B00221A703FE010
:1027900001F0F2FF0346002B3CD0204B1A78204B6F
:1027A0001A7001F0FDFF03461A461C4B1A701C4BB1
:1027B0001A781A4B1B7819461046FFF789FD034615
:1027C000002B03D0184B00221A7023E0174B1B7804
:1027D0005A1CD1B2154A11701A46104B1978144B75
:1027E00099540E4B1B78232B14D1FCF7AFF90346F9
:1027F00019460C48FFF76CFC0B4B00221A7009E0DD
:1028000000BF08E000BF06E000BF04E000BF02E038
:1028100000BF00E000BF00BF80BD00BF92070020E6
:102820009307002014480020900700208D07002007
:10283000F4450020C447002080B483B000AF0023DB
:10284000FB7106E0FB79084A0021D154FB79013382
:10285000FB71FB79F92BF5D9044B00221A7000BFEC
:102860000C37BD4680BC7047F44500208D07002022
:1028700080B400AF034B00221A8000BFBD4680BC6D
:10288000704700BF8E07002080B582B000AFFCF714
:102890005DF90346FB8000237B717B795A1C7A71BA
:1028A0001A46BB4B432199547B795A1C7A711A46BC
:1028B000B74B452199547B795A1C7A711A46B44B0F
:1028C000622199547B795A1C7A711A46B04B6F2158
:1028D00099547B795A1C7A711A46AD4B78219954D8
:1028E0007B795A1C7A711A46A94B5F219954FB884F
:1028F000A84AA2FB03239B099BB2DAB27B79591C3D
:102900007971194602F13003DAB2A14B5A54FB88AF
:10291000A04AA2FB031292094FF47A7101FB02F262
:102920009B1AFB80FB889C4AA2FB03235B099BB29A
:10293000DAB27B79591C7971194602F13003DAB2A7
:10294000934B5A54FB88944AA2FB03125209642108
:1029500001FB02F29B1AFB80FB88904AA2FB032337
:10296000DB089BB2DAB27B79591C7971194602F106
:102970003003DAB2864B5A54FA88884BA3FB021311
:10298000D9080B469B000B445B00D31AFB80FB88E5
:10299000DAB27B79591C7971194602F13003DAB247
:1029A0007B4B5A547B795A1C7A711A46784B00211A
:1029B000995400237B717B795A1C7A711A46784BA3
:1029C000462199547B795A1C7A711A46744B4521D9
:1029D00099547B795A1C7A711A46714B6221995429
:1029E0007B795A1C7A711A466D4B6F2199547B7909
:1029F0005A1C7A711A466A4B782199547B795A1C71
:102A00007A711A46664B5F2199547B795A1C7A7108
:102A10001A465F4B9979624B99547B795A1C7A71AB
:102A20001A465B4BD9795E4B99547B795A1C7A7163
:102A30001A46574B197A5A4B99547B795A1C7A711A
:102A40001A46534B597A564B99547B795A1C7A71D2
:102A50001A46534B0021995400237B717B795A1CF1
:102A60007A711A464F4B522199547B795A1C7A71CC
:102A70001A464C4B452199547B795A1C7A711A4657
:102A8000484B622199547B795A1C7A711A46454BFE
:102A90006F2199547B795A1C7A711A46414B7821DF
:102AA00099547B795A1C7A711A463E4B5F2199548E
:102AB0007B795A1C7A711A46354B9979394B99545E
:102AC0007B795A1C7A711A46314BD979354B995416
:102AD0007B795A1C7A711A462D4B197A314B9954CD
:102AE0007B795A1C7A711A46294B597A2D4B995485
:102AF0007B795A1C7A711A462A4B0021995400237B
:102B00007B717B795A1C7A711A46274B5321995451
:102B10007B795A1C7A711A46234B452199547B794B
:102B20005A1C7A711A46204B622199547B795A1C9F
:102B30007A711A461C4B6F2199547B795A1C7A7111
:102B40001A46194B782199547B795A1C7A711A4686
:102B5000154B5F2199547B795A1C7A711A460C4B9C
:102B60009979114B99547B795A1C7A711A46084B02
:102B7000D9790D4B99547B795A1C7A711A46044BBA
:102B8000197A094B99547B795A1C7A711A460DE0CF
:102B900014480020D34D62101F85EB51CDCCCCCC16
:102BA00004480020C447002014470020BB4B597A3A
:102BB000BB4B99547B795A1C7A711A46B84B002149
:102BC000995400237B717B795A1C7A711A46B54B54
:102BD000462199547B795A1C7A711A46B14B4F2180
:102BE00099547B795A1C7A711A46AE4B45219954F7
:102BF0007B795A1C7A711A46AA4B622199547B79C7
:102C00005A1C7A711A46A74B6F2199547B795A1C2A
:102C10007A711A46A34B782199547B795A1C7A71A0
:102C20001A469E4B99799F4B99547B795A1C7A711D
:102C30001A469A4BD9799B4B99547B795A1C7A71D5
:102C40001A46964B197A974B99547B795A1C7A718C
:102C50001A46924B597A934B99547B795A1C7A7144
:102C60001A46904B0021995400237B717B795A1CA2
:102C70007A711A468C4B502199547B795A1C7A717F
:102C80001A46894B452199547B795A1C7A711A4608
:102C9000854B622199547B795A1C7A711A46824B72
:102CA0006F2199547B795A1C7A711A467E4B782190
:102CB00099547B795A1C7A711A467B4B5F2199543F
:102CC0007B795A1C7A711A46744B9979764B9954D0
:102CD0007B795A1C7A711A46704BD979724B995488
:102CE0007B795A1C7A711A466C4B197A6E4B99543F
:102CF0007B795A1C7A711A46684B597A6A4B9954F7
:102D00007B795A1C7A711A46674B0021995400232B
:102D10007B717B795A1C7A711A46644B56219954FF
:102D20007B795A1C7A711A46604B452199547B79FC
:102D30005A1C7A711A465D4B622199547B795A1C50
:102D40007A711A46594B6F2199547B795A1C7A71C2
:102D50001A46564B782199547B795A1C7A711A4637
:102D6000524B5F2199547B795A1C7A711A464B4B0E
:102D700099794E4B99547B795A1C7A711A46474B74
:102D8000D9794A4B99547B795A1C7A711A46434B2C
:102D9000197A464B99547B795A1C7A711A463F4BE3
:102DA000597A424B99547B795A1C7A711A463F4B97
:102DB0000021995400237B717B795A1C7A711A4641
:102DC0003B4B412199547B795A1C7A711A46384BF6
:102DD000452199547B795A1C7A711A46344B6221E9
:102DE00099547B795A1C7A711A46314B6F21995448
:102DF0007B795A1C7A711A462D4B782199547B792C
:102E00005A1C7A711A462A4B5F2199547B795A1CB5
:102E10007A711A46214B9979254B99547B795A1C22
:102E20007A711A461D4BD979214B99547B795A1CDA
:102E30007A711A46194B197A1D4B99547B795A1C91
:102E40007A711A46154B597A194B99547B795A1C49
:102E50007A711A46164B0021995400237B717B79B5
:102E60005A1C7A711A46134B502199547B795A1C7B
:102E70007A711A460F4B462199547B795A1C7A7104
:102E80001A460C4B452199547B795A1C7A711A4683
:102E9000084B622199547B790EE000BF1448002052
:102EA00014470020E447002024470020F447002076
:102EB000A4480020B44700205A1C7A711A46714B6E
:102EC0006F2199547B795A1C7A711A466D4B78217F
:102ED00099547B795A1C7A711A466A4B5F2199542E
:102EE0007B795A1C7A711A46674B9979654B9954CC
:102EF0007B795A1C7A711A46634BD979614B995484
:102F00007B795A1C7A711A465F4B197A5D4B99543A
:102F10007B795A1C7A711A465B4B597A594B9954F2
:102F20007B795A1C7A711A46564B0021995400231A
:102F30007B717B795A1C7A711A46544B50219954F3
:102F40007B795A1C7A711A46504B4D2199547B79E2
:102F50005A1C7A711A464D4B452199547B795A1C5B
:102F60007A711A46494B622199547B795A1C7A71BD
:102F70001A46464B6F2199547B795A1C7A711A462E
:102F8000424B782199547B795A1C7A711A463F4BEF
:102F90005F2199547B795A1C7A711A463A4B997978
:102FA0003A4B99547B795A1C7A711A46364BD97927
:102FB000364B99547B795A1C7A711A46324B197ADE
:102FC000324B99547B795A1C7A711A462E4B597A96
:102FD0002E4B99547B795A1C7A711A462B4B00213F
:102FE000995400237B717B795A1C7A711A46284BBD
:102FF000452199547B795A1C7A711A46244B6221D7
:1030000099547B795A1C7A711A46214B6F21995435
:103010007B795A1C7A711A461D4B782199547B7919
:103020005A1C7A711A461A4B5F2199547B795A1CA3
:103030007A711A46144B9979154B99547B795A1C1D
:103040007A711A46104BD979114B99547B795A1CD5
:103050007A711A460C4B197A0D4B99547B795A1C8C
:103060007A711A46084B597A094B99547B795A1C44
:103070007A711A46064B0021995400BF0837BD46A5
:1030800080BD00BFB447002014480020D447002072
:10309000F046002080B500AF00F014F8074B1B7815
:1030A000102B08D8054B1B78054ADB0013445B68DE
:1030B0009847002300E00123184680BDA6070020A2
:1030C0006802002080B400AF1A4B1A781A4B1B78A4
:1030D0009A4227D0184B1A78164B1A70164B1B7849
:1030E0000D2B21D801A252F823F000BF293101088D
:1030F0002931010829310108293101082931010844
:103100002931010829310108293101082931010833
:103110002931010829310108293101082931010823
:103120002931010800BF00E000BF00BFBD4680BCE0
:10313000704700BFF0020020A607002080B400AF57
:10314000034B00221A7000BFBD4680BC704700BF11
:10315000A407002080B400AF034B01221A7000BF07
:10316000BD4680BC704700BFA407002080B400AFFC
:10317000024B1B781846BD4680BC7047A407002050
:1031800080B400AF034B00221A7000BFBD4680BC64
:10319000704700BFA507002080B400AF034B012299
:1031A0001A7000BFBD4680BC704700BFA507002055
:1031B00080B400AF024B1B781846BD4680BC7047F8
:1031C000A507002080B483B000AF0346FB71044A1A
:1031D000FB79137000BF0C37BD4680BC704700BF41
:1031E000A607002080B400AF054B1B78102B0CBF46
:1031F00001230023DBB21846BD4680BC704700BFE8
:10320000A607002080B483B000AF0023FB7106E066
:10321000FB79094A0021D154FB790133FB7197F9FD
:103220000730002BF4DA054B00221A7000BF0C3770
:10323000BD4680BC704700BF244800209607002090
:1032400080B584B000AF0346FB71954B00221A7025
:10325000FB79FB73924B1B785A1CD1B2904A1170C8
:103260001A46904B412199548D4B1B785A1CD1B270
:103270008B4A11701A468B4B54219954884B1B78FA
:103280005A1CD1B2864A11701A46864B2B2199548A
:10329000834B1B785A1CD1B2814A11701A46814B5C
:1032A000432199547E4B1B785A1CD1B27C4A117031
:1032B0001A467C4B49219954794B1B785A1CD1B240
:1032C000774A11701A46774B50219954744B1B78EA
:1032D0005A1CD1B2724A11701A46724B532199543A
:1032E0006F4B1B785A1CD1B26D4A11701A466D4B48
:1032F000452199546A4B1B785A1CD1B2684A117007
:103300001A46684B4E219954654B1B785A1CD1B212
:10331000634A11701A46634B44219954604B1B78E1
:103320005A1CD1B25E4A11701A465E4B3D21995427
:103330005B4B1B785A1CD1B2594A11701A46594B33
:1033400030219954564B1B785A1CD1B2544A1170F3
:103350001A46544B2C219954FB79632B45D9FB7B9E
:10336000514AA2FB03235B09DAB24D4B1B78591C6F
:10337000C8B24B490870194602F13003DAB2494B22
:103380005A54FB7B484AA2FB03125209642101FBF9
:1033900002F29B1AFB73FB7B444AA2FB0323DB086C
:1033A000DAB23F4B1B78591CC8B23D490870194628
:1033B00002F13003DAB23B4B5A54FA7B3B4BA3FB8E
:1033C0000213D9080B469B000B445B00D31AFB7316
:1033D000334B1B785A1CD1B2314A11701A46FB7B11
:1033E0003033D9B22F4B995438E0FB79092B29D9C6
:1033F000FB7B2E4AA2FB0323DB08DAB2284B1B78A7
:10340000591CC8B226490870194602F13003DAB2D5
:10341000244B5A54FA7B254BA3FB0213D9080B46C5
:103420009B000B445B00D31AFB731D4B1B785A1C8B
:10343000D1B21B4A11701A46FB7B3033D9B2194BFB
:1034400099540BE0164B1B785A1CD1B2144A1170D8
:103450001A46FB7B3033D9B2124B9954104B1B7870
:103460005A1CD1B20E4A11701A460E4B0D219954B6
:103470000B4B1B785A1CD1B2094A11701A46094BE2
:103480000A2199540A4B00221A70054B1B781946E1
:10349000044801F0CBF900BF1037BD4680BD00BF26
:1034A00095070020004700201F85EB51CDCCCCCCE8
:1034B0007C07002080B500AF0C4B1B681846FDF759
:1034C0005DFCFFF73BFE002241F288310848FDF722
:1034D000FFFA0246054B1A60FEF7EAFA054801F0CA
:1034E00095F9054B01221A7000BF80BD9C07002092
:1034F00055310108548C0108A607002080B500AFA3
:10350000174B1B78002B16D0154B00221A70154B49
:1035100002221A70144B1B681846FDF72FFCFFF7A8
:103520000DFE00224FF4FA711048FDF7D1FA024661
:103530000D4B1A6012E00E4B1B78002B06D00C4B83
:1035400000221A70074B11221A7007E0FFF70EFED7
:103550000346002B02D0034B11221A7000BF80BD1E
:1035600080070020A60700209C0700205531010895
:103570007707002080B500AFFFF7F8FD0346002B6A
:1035800017D00D4B1B681846FDF7F8FBFFF7D6FD6B
:10359000002241F288310948FDF79AFA0246064BAB
:1035A0001A60074B00221A7000F006FB054B03223D
:1035B0001A7000BF80BD00BF9C0700205531010874
:1035C0007C070020A607002080B500AF114B1B78B8
:1035D000002B15D00F4B00221A700F4B00221A70CF
:1035E0000E4B00221A700E4B00221A700D4B1B78E6
:1035F00019460D4801F01AF90C4B04221A7007E025
:10360000FFF7B4FD0346002B02D0084B11221A70BD
:1036100000BF80BD7C0700207A0700207D070020C6
:1036200077070020FE46002024480020A60700203F
:1036300080B500AF114B1B78002B09D00F4B002237
:103640001A700F4B00221A700E4B05221A7012E0EE
:103650000D4B1B78002B06D00B4B00221A70094B28
:1036600011221A7007E0FFF781FD0346002B02D0FC
:10367000044B11221A7000BF80BD00BF7A070020E2
:1036800097070020A60700207707002080B500AF2D
:103690001A4B1B681846FDF771FBFFF74FFD002220
:1036A00041F288311648FDF713FA0246134B1A60AF
:1036B000144B1B78022B16D8124B1B78002B03D10E
:1036C000114800F029FC0EE00E4B1B78012B03D1B2
:1036D0000E4800F021FC06E00A4B1B78022B02D1B9
:1036E0000B4800F019FC0B4B00221A700A4B002209
:1036F0001A700A4B06221A7000BF80BD9C0700207A
:103700005531010897070020144800200448002084
:10371000C44700207707002078070020A607002074
:1037200080B500AF264B1B78002B28D0244B0022FD
:103730001A70244B00221A70234B00221A70234B5C
:1037400000221A70224B00221A70224B1B78194655
:10375000214801F06BF8214B07221A70204B1B689F
:103760001846FDF70BFBFFF70BFD00224FF4967197
:103770001C48FDF7ADF90246194B1A601DE0134BCA
:103780001B78002B06D0114B00221A70134B11220C
:103790001A7012E00E4B1B78002B06D00C4B002247
:1037A0001A700E4B11221A7007E0FFF7DFFC034678
:1037B000002B02D0094B11221A7000BF80BD00BF40
:1037C0007C0700207B0700207D0700207707002072
:1037D00078070020FE46002024480020A60700208D
:1037E000A00700209931010880B500AF204B1B785D
:1037F000002B1CD0FFF7DCFC0346002B35D01C4B04
:1038000000221A701B4B1B780133DAB2194B1A7065
:10381000184B1B78022B03D8174B05221A7024E093
:10382000144B00221A70144B10221A701DE0134B17
:103830001B78002B06D0114B00221A700E4B112260
:103840001A7012E00E4B1B78002B06D00C4B002296
:103850001A70094B11221A7007E0FFF787FC034624
:10386000002B02D0044B11221A7000BF80BD00BF94
:103870007B07002097070020A6070020770700207D
:103880007807002080B400AF0C4B1B78002B06D0CB
:103890000A4B00221A700A4B00221A7009E0094BE9
:1038A0001B78002B05D0074B00221A70044B112205
:1038B0001A7000BFBD4680BC704700BF780700206B
:1038C000A60700207707002080B500AF0D4B00222F
:1038D0001A700D4B00221A700C4B1B681846FDF72E
:1038E0004DFAFFF72BFC002241F288310848FDF722
:1038F000EFF80246054B1A60064B09221A7000BF0A
:1039000080BD00BF77070020780700209C070020BB
:1039100055310108A607002080B500AF1E4B1B786B
:10392000002B18D01C4B00221A701C4B00221A705E
:103930001B4B00221A701B4B00221A701A4B0022DC
:103940001A701A4B1B781946194800F06FFF194B73
:103950000A221A701DE0124B1B78002B06D0104B68
:1039600000221A70134B11221A7012E00D4B1B78B3
:10397000002B06D00B4B00221A700E4B11221A702E
:1039800007E0FFF7F3FB0346002B02D0094B11229F
:103990001A7000BF80BD00BF7C0700207D0700209B
:1039A00077070020780700207F070020FE460020D0
:1039B00024480020A607002080B500AF184B1B78D4
:1039C000002B03D1174B1B78002B09D0144B00227E
:1039D0001A70144B00221A70134B10221A701DE03B
:1039E000124B1B78002B06D0104B00221A700E4B86
:1039F00011221A7012E0FFF7B9FB0346002B03D027
:103A0000094B11221A7009E0094B1B78002B05D0D5
:103A1000074B00221A70044B11221A7000BF80BDA0
:103A20007D0700207F070020A607002077070020E1
:103A30007807002080B500AF0B4B1B681846FDF7D8
:103A40009DF9FFF77BFB002241F288310748FDF723
:103A50003FF80246044B1A60054800F0D7FE054BBC
:103A60000F221A7000BF80BD9C070020553101084D
:103A7000148C0108A607002080B500AF0F4B1B78FF
:103A8000002B06D00D4B00221A700D4B00221A702D
:103A900009E00C4B1B78002B05D00A4B00221A7052
:103AA000074B11221A70FFF761FB0346002B02D06F
:103AB000034B11221A7000BF80BD00BF76070020A3
:103AC000A60700207707002080B500AF0B4B1B68CE
:103AD0001846FDF753F9FFF731FB002241F2883118
:103AE0000748FCF7F5FF0246044B1A6000F012FB92
:103AF000044B0C221A7000BF80BD00BF9C07002041
:103B000055310108A607002080B500AF104B1B7887
:103B1000002B12D00E4B00221A700E4B00221A708E
:103B20000D4B00221A700D4B1B7819460C4800F003
:103B30007DFE0C4B0D221A7007E0FFF717FB0346C2
:103B4000002B02D0074B11221A7000BF80BD00BFAE
:103B50007C0700207D07002077070020FE4600201C
:103B600024480020A607002080B500AF0F4B1B782B
:103B7000002B06D00D4B00221A700D4B10221A702C
:103B800012E00C4B1B78002B06D00A4B00221A7057
:103B9000074B11221A7007E0FFF7E8FA0346002BE3
:103BA00002D0034B11221A7000BF80BD7D07002098
:103BB000A60700207707002080B582B000AFA54897
:103BC00000F02EFB0346BB71A34800F029FB03461F
:103BD0007B71A24800F024FB03463B71A04800F033
:103BE0001FFB0346FB709F4800F01AFB0346BB70A7
:103BF000FFF708FB9C4B1B785A1CD1B29A4A1170F4
:103C00001A469A4B10219954BA79FB781344DAB2C8
:103C1000BB781344DAB27B791344DAB23B791344AC
:103C2000DAB2914B1B78591CC8B28F4908701946FB
:103C300002F11603DAB28D4B5A548B4B1B785A1C87
:103C4000D1B2894A11701A46884B00219954864B8B
:103C50001B785A1CD1B2844A11701A46834B062134
:103C60009954814B1B785A1CD1B27F4A11701A4665
:103C70007E4B4D2199547C4B1B785A1CD1B27A4A09
:103C800011701A46794B51219954774B1B785A1C65
:103C9000D1B2754A11701A46744B49219954724B2E
:103CA0001B785A1CD1B2704A11701A466F4B73219F
:103CB00099546D4B1B785A1CD1B26B4A11701A463D
:103CC0006A4B64219954684B1B785A1CD1B2664ADE
:103CD00011701A46654B70219954634B1B785A1C1E
:103CE000D1B2614A11701A46604B032199545E4B60
:103CF0001B785A1CD1B25C4A11701A465B4BEE21FC
:103D00009954594B1B785A1CD1B2574A11701A4614
:103D1000564B00219954544B1B785A1CD1B2524A2D
:103D200011701A46514B0F2199544F4B1B785A1C56
:103D3000D1B24D4A11701A464C4B002199544A4B4E
:103D40001B785A1CD1B2484A11701946474ABB79B0
:103D500053540023FB710EE0FA79434B1B78591C36
:103D6000C8B24149087019463A4B9A5C3F4B5A54C5
:103D7000FB790133FB71FA79BB799A42ECD33A4B68
:103D80001B785A1CD1B2384A11701A46374B0021A1
:103D90009954354B1B785A1CD1B2334A11701946CD
:103DA000324ABB7853540023FB710EE0FA792E4B54
:103DB0001B78591CC8B22C4908701946294B9A5CCB
:103DC0002A4B5A54FB790133FB71FA79BB789A423A
:103DD000ECD3254B1B785A1CD1B2234A11701A46DA
:103DE000224B00219954204B1B785A1CD1B21E4AF9
:103DF000117019461D4AFB7853540023FB710EE0E5
:103E0000FA79194B1B78591CC8B217490870194622
:103E1000134B9A5C154B5A54FB790133FB71FA79B9
:103E2000FB789A42ECD3104B1B785A1CD1B20E4A45
:103E300011701A460D4B002199540B4B1B785A1CDC
:103E4000D1B2094A11701946084A7B7953540023AC
:103E5000FB711CE0F04600207C8C0108888C010876
:103E6000248C0108144700209607002024480020D5
:103E7000FA79244B1B78591CC8B22249087019469C
:103E8000214B9A5C214B5A54FB790133FB71FA792F
:103E90007B799A42ECD31B4B1B785A1CD1B2194A3E
:103EA00011701A46194B00219954164B1B785A1C55
:103EB000D1B2144A11701946144A3B795354002365
:103EC000FB710EE0FA790F4B1B78591CC8B20D49F3
:103ED000087019460E4B9A5C0C4B5A54FB7901330F
:103EE000FB71FA793B799A42ECD3064B1A78094B6D
:103EF0001A70084B1B781846FFF7A2F900BF083765
:103F0000BD4680BD960700207C8C01082448002017
:103F1000888C0108FE46002080B584B000AF786030
:103F20000023FB73786800F07BF90346BB73FFF74F
:103F300069F9374B00221A70354B1B785A1CD1B2E5
:103F4000334A11701A46334B82219954304B1B78F7
:103F50005A1CD1B22E4A11701A46BB7B0533D9B216
:103F60002C4B99542A4B1B785A1CD1B2284A1170F9
:103F70001A46284B00219954254B1B785A1CD1B264
:103F8000234A11701A46234B01219954204B1B7868
:103F90005A1CD1B21E4A11701A461E4B0021995468
:103FA0001B4B1B785A1CD1B2194A11701946194A79
:103FB000BB7B53540023FB730FE0FB7B7A681A44EE
:103FC000134B1B78591CC8B2114908701946127856
:103FD000104B5A54FB7B0133FB73FA7BBB7B9A4239
:103FE000EBD30B4B1B785A1CD1B2094A11701A46FD
:103FF000084B00219954064B1A78074B1A70064B50
:104000001B781846FFF71CF900BF1037BD4680BD6E
:104010009607002024480020FE46002080B586B088
:1040200000AFF860B9601346FB71F86800F0F8F86B
:104030000346BB75FFF7E6F8334B1B785A1CD1B229
:10404000314A11701A46314B31219954BA7DFB79AE
:104050001344DAB22C4B1B78591CC8B22A49087099
:104060001946931CDAB2294B5A54274B1B785A1C19
:10407000D1B2254A11701A46244B00219954224B83
:104080001B785A1CD1B2204A117019461F4ABB7DB9
:1040900053540023FB750FE0FB7DFA681A441A4B5A
:1040A0001B78591CC8B21849087019461278174B6A
:1040B0005A54FB7D0133FB75FA7DBB7D9A42EBD3ED
:1040C0000023FB750FE0FB7DBA681A440E4B1B788A
:1040D000591CC8B20C490870194612780B4B5A5437
:1040E000FB7D0133FB75FA7DFB799A42EBD3064BDE
:1040F0001A78074B1A70064B1B781846FFF7A0F882
:1041000000BF1837BD4680BD960700202448002018
:10411000FE46002080B500AFFFF774F80F4B1B7808
:104120005A1CD1B20D4A11701A460D4BC021995438
:104130000A4B1B785A1CD1B2084A11701A46084B18
:1041400000219954054B1A78064B1A70054B1B78C1
:104150001846FFF775F800BF80BD00BF9607002026
:1041600024480020FE46002080B400AF00BFBD46BA
:1041700080BC704780B500AF1B4B1C4A1A601A4BBD
:104180002822DA61184B00229A60174B00225A61EC
:10419000154B00221A61144B0022DA60124B0022E8
:1041A0001A62114B00225A620F4B00229A620E4B88
:1041B0000722DA620C4B4FF480229A610A4B4FF4CB
:1041C00082725A600848F5F755FC0346002B01D06F
:1041D00000F0B4FC044B1B681A68034B1B6842F0E8
:1041E00040021A6000BF80BDB44800200038004083
:1041F00080B500AF00224FF480510248F3F794FFDE
:1042000000BF80BD000C014080B500AF01224FF41B
:1042100080510248F3F788FF00BF80BD000C0140C9
:1042200080B485B000AF78600023FB737B681B7897
:10423000002B0BD1002310E0FB7B0133FB737B6869
:104240001B780A2B07D07B6801337B607B681B7867
:10425000002BF1D100E000BFFB7B18461437BD46B0
:1042600080BC704790B585B000AFC7E90001152349
:10427000FB60FB68013BFB601E4AFB6813440022A5
:104280001A70D7E90034234329D1FB68013BFB6056
:10429000184AFB68134430221A7024E0D7E9000161
:1042A0004FF00A024FF00003F1F7F8FE1C461346E8
:1042B000DBB2FA68013AFA603033D9B20D4AFB68D2
:1042C00013440A461A70D7E900014FF00A024FF072
:1042D0000003F1F7E3FE03460C46C7E90034D7E9D3
:1042E00000342343DAD1FB68024A134418461437DA
:1042F000BD4690BDA807002080B596B000AF07F17D
:10430000300328220021184601F0D3FD07F11C03D9
:1043100000221A605A609A60DA601A613B1D00221E
:104320001A605A609A60DA601A615A610A233B6324
:1043300000237B630023FB6301233B640123BB64F5
:1043400010237B640023BB630223FB6400233B65D3
:104350004FF460137B6507F130031846F4F7B8FE9D
:104360000346002B01D000F0E9FB0F23FB61022381
:104370003B6200237B624FF48063BB620023FB62DD
:1043800007F11C0302211846F5F722F90346002B1A
:1043900001D000F0D3FB02237B604FF40043FB60AD
:1043A0003B1D1846F5F7B0FA0346002B01D000F08C
:1043B000C5FB00BF5837BD4680BD000080B500AFCB
:1043C0001A4B1B681A4AA2FB03235B0B013B194AD9
:1043D0001360194B194A1A60174B5422DA60154BB7
:1043E0001B68154A5360144B00221A61124B0022BD
:1043F0009A60114B00225A610F4B00229A610E48BD
:10440000F6F752F80346002B01D000F097FB0A485C
:10441000F6F775F80346002B01D000F08FFB002261
:1044200000211D20F2F70FFE00BF80BDF402002026
:104430005917B7D1C00700201849002000040040D8
:1044400080B582B000AF7860FCF71AFB00BF083778
:10445000BD4680BD80B500AF144B154A1A60134BA2
:104460004FF4E1325A60114B00229A600F4B002248
:10447000DA600E4B00221A610C4B00229A610B4B42
:104480000C225A610948F6F762FA0346002B01D064
:1044900000F054FB0548F6F70DFA0346002B01D057
:1044A00000F04CFB00F068F800BF80BDD04B00204E
:1044B0000038014080B500AF114B124A1A60104B12
:1044C0004FF4E1325A600E4B00229A600C4B0022EE
:1044D000DA600B4B00221A61094B0C225A61084B1F
:1044E00000229A61064B0022DA610548F6F7E2F9EC
:1044F0000346002B01D000F021FB00BF80BD00BFB0
:10450000504B00200048004080B500AF174B184AC0
:104510001A60164B4FF416525A60144B00229A60E0
:10452000124B0022DA60114B00221A610F4B0C2251
:104530005A610E4B00229A610C4B0022DA610B4843
:10454000F6F705FA0346002B01D000F0F7FA07480A
:10455000F6F7B0F90346002B01D000F0EFFAFA228B
:1045600004490248F6F7FCFA00BF80BD104C002059
:10457000005000405849002080B500AFFA2206499B
:104580000648F6F7EDFA0346002B01D0012300E0C0
:104590000023184680BD00BF544A0020D04B0020A5
:1045A00080B483B000AF7860034B01221A7000BF63
:1045B0000C37BD4680BC7047F102002080B582B048
:1045C00000AF786000F0BAFA00BF0837BD4680BD82
:1045D00080B584B000AF78607868FFF721FE0346AD
:1045E000FB73FB7B9AB24FF0FF3379680348F6F711
:1045F000DAF900BF1037BD4680BD00BF504B002028
:1046000080B584B000AF78607868FFF709FE034694
:10461000FB73FB7B002B10D0FB7B9BB21A467968A7
:104620000848F6F759FA0346002B01D000F086FA45
:10463000054B00221A7000BF00E000BF1037BD46D6
:1046400080BD00BFD04B0020F102002080B582B0B9
:1046500000AF78600B46FB70FB78002B10D0FB7826
:104660009BB21A4679680848F6F736FA0346002BDB
:1046700001D000F063FA054B00221A7000BF00E081
:1046800000BF0837BD4680BDD04B0020F10200209E
:1046900080B483B000AF78607B681B682F4A934278
:1046A00027D17B6893F83A30DBB2222B50D17B685C
:1046B0000022DA637B68222283F83A207B681B6839
:1046C0005968274B1B781A46C9B2264B9954244B7C
:1046D0001B780133244A82FB03121111DA178A1A5C
:1046E000FA2101FB02F29A1AD2B21D4B1A70002372
:1046F0002EE07B681B681D4A934227D17B6893F8A4
:104700003A30DBB2222B23D17B680022DA637B684C
:10471000222283F83A207B681B685968144B1B7867
:104720001A46C9B2134B9954114B1B7801330E4AE8
:1047300082FB03121111DA178A1AFA2101FB02F225
:104740009A1AD2B20A4B1A70002301E00223FFE743
:1047500018460C37BD4680BC704700BF003801408A
:10476000C4070020544A0020D34D6210005000407E
:10477000C60700205849002080B400AF064B1A78C5
:10478000064B1B789A4201D0012300E00023184613
:10479000BD4680BC704700BFC5070020C40700208D
:1047A00080B582B000AF154B1A78154B1B789A4232
:1047B00001D1FF231EE0114B1B781A46114B9B5C65
:1047C000FB710E4B1B7801330F4A82FB0312111150
:1047D000DA178A1AFA2101FB02F29A1AD2B2074BAF
:1047E0001A70FB793B7100237B713B1D1846FFF764
:1047F000EFFEFB7918460837BD4680BDC50700208F
:10480000C4070020544A0020D34D621080B582B006
:1048100000AF786000F01EF80346012B02D17868E3
:10482000FFF7EEFE00BF0837BD4680BD80B582B001
:1048300000AF78600B46FB7000F00CF80346012BCC
:1048400004D1FB7819467868FFF700FF00BF0837EE
:10485000BD4680BD80B400AF074B1B78DBB2012B97
:1048600004D1054B00221A70012300E000231846F2
:10487000BD4680BC704700BFF102002080B582B009
:1048800000AF786039603B689AB24FF6FF73796881
:104890000548F6F788F80346002B01D000F04EF9E2
:1048A00000BF0837BD4680BD104C002080B400AF6B
:1048B000064B1A78064B1B789A4201D0012300E080
:1048C00000231846BD4680BC704700BFC7070020C4
:1048D000C607002080B483B000AF124B1A78124B89
:1048E0001B789A4201D1FF2316E00E4B1B781A4623
:1048F0000E4B9B5CFB710B4B1B7801330C4A82FB0C
:1049000003121111DA178A1AFA2101FB02F29A1A1C
:10491000D2B2044B1A70FB7918460C37BD4680BCE6
:10492000704700BFC7070020C60700205849002075
:10493000D34D621080B400AFBFF34F8F054BDB68DF
:1049400003F4E0620349044B1343CB60BFF34F8F82
:1049500000BFFDE700ED00E00400FA0580B400AF01
:10496000034B01221A7000BFBD4680BC704700BFD8
:10497000C807002080B400AF054B1B78012B0CBF8B
:1049800001230023DBB21846BD4680BC704700BF40
:10499000C807002080B500AF01210448F7F748FFA1
:1049A00000210248F7F764FFFFF7C4FF0000060884
:1049B00080B500AFF9F712FB2D48FFF709FE06227C
:1049C0002C492D4801F000FF2B48FFF701FEFAF7B4
:1049D0008DF800F0B9F8F9F75FFAFAF7B7F803467F
:1049E0001846F9F793FAF7F76FFB17220D212348C2
:1049F000FCF76EF8224A42F6E0612248FCF768F8BC
:104A00004FF4FA60F1F72EFDFAF7A0F80346002BF9
:104A10000DD0172213211C48FCF75AF865220721F4
:104A20001A48FCF755F81A4B00221A700CE0184B84
:104A300001221A70492207211648FCF749F8392249
:104A40000D211548FCF744F8012204211348F3F71F
:104A50006BFB0F4B1B78002B01D1F9F7A1FBFCF787
:104A600081FA0B4B1B78002BF9D100F023F8F6E705
:104A7000308A0108448A0108CC070020D1EB0008E5
:104A800000DA9A03A11001089DE8000829E2000855
:104A900031080020A14A010851E80008000C01403B
:104AA00080B500AFFAF752F803461846F9F72EFA28
:104AB00000BF80BD98B500AFF9F7A6FB0346002BF9
:104AC00006D1F9F7FBFB0346002B01D1F9F792FB66
:104AD000F6F7E2FEFBF7EEFCFDF744FC164B1B7805
:104AE000002B02D0012B0BD024E0F6F7C5FE0346C5
:104AF000012B1CD1104B01221A70F9F7B3FB16E001
:104B0000F8F72CFDFAF794F9F6F7B6FE0346002BFA
:104B10000FD1FAF735FC03460C4618462146F9F743
:104B200013FAFBF773FC044B00221A7001E000BF7C
:104B300000E000BF00BF98BD3008002080B400AF87
:104B400000BFBD4680BC704780B500AFFFF7DCFCFE
:104B50004FF48571024801F081F800BF80BD00BFAD
:104B60003409002080B500AF254B1B78002B44D0C2
:104B7000244B5B78013B0F2B2BD801A252F823F07A
:104B8000C14B0108C14B0108C14B0108C14B0108D1
:104B9000C74B0108C74B0108D34B0108D34B010891
:104BA000D34B0108D34B0108D34B0108D34B010869
:104BB000D34B0108D34B0108CD4B0108CD4B010865
:104BC00000F004FA06E000F09FFA03E000F056FB64
:104BD00000E000BFF1F73CFC02460B4B1B68D31A08
:104BE00040F6B832934208D90848FFF7F1FC044B6D
:104BF00000221A70064B00221A700123184680BD4D
:104C00005A130020441100205C130020888A0108F8
:104C10006013002080B582B000AF7860254B1B7810
:104C2000002B01D0002340E0224B01221A704FF4E8
:104C300085727968204801F031F9F1F709FC0246E4
:104C40001E4B1A601C4B5B78013B0F2B2BD801A22B
:104C500052F823F0954C0108954C0108954C010839
:104C6000954C01089B4C01089B4C0108A74C01087E
:104C7000A74C0108A74C0108A74C0108A74C010844
:104C8000A74C0108A74C0108A74C0108A14C01083A
:104C9000A14C010800F02CF806E000F095F803E0C4
:104CA00000F0FEF800E000BF012318460837BD46BB
:104CB00080BD00BF5A130020441100205C13002067
:104CC00080B582B000AF7860084801F043F8034631
:104CD000002B05D07968054801F012F8012300E0A7
:104CE000002318460837BD4680BD00BF34090020A8
:104CF00080B582B000AF0023FB71FB795A1CFA71BA
:104D00001A462F4B19782F4B9954FB795A1CFA717C
:104D10001A462B4B59782B4B9954294B5B881B0A0D
:104D200099B2FB795A1CFA711A46C9B2254B9954AB
:104D3000234B5988FB795A1CFA711A46C9B2214B88
:104D400099541F4B9B881B0A99B2FB795A1CFA7124
:104D50001A46C9B21B4B9954194B9988FB795A1CB6
:104D6000FA711A46C9B2174B9954FB799BB219468E
:104D7000144800F03DFB03461A46114BA3F80821E6
:104D80000F4BB3F80811FB795A1CFA711A46C9B2D5
:104D90000C4B99540A4BB3F808311B0A99B2FB79B2
:104DA0005A1CFA711A46C9B2064B9954FB79194636
:104DB0000448FFF763FD00BF0837BD4680BD00BF54
:104DC000441100203408002080B582B000AF0023D9
:104DD000FB71FB795A1CFA711A462F4B19782F4B2D
:104DE0009954FB795A1CFA711A462B4B59782B4B64
:104DF0009954294B5B881B0A99B2FB795A1CFA71AA
:104E00001A46C9B2254B9954234B5988FB795A1C31
:104E1000FA711A46C9B2214B99541F4B9B881B0A41
:104E200099B2FB795A1CFA711A46C9B21B4B9954B4
:104E3000194B9988FB795A1CFA711A46C9B2174B5B
:104E40009954FB799BB21946144800F0D1FA0346F5
:104E50001A46114BA3F808210F4BB3F80811FB7940
:104E60005A1CFA711A46C9B20C4B99540A4BB3F842
:104E700008311B0A99B2FB795A1CFA711A46C9B259
:104E8000064B9954FB7919460448FFF7F7FC00BF1D
:104E90000837BD4680BD00BF441100203408002003
:104EA00080B582B000AF0023FB71FB795A1CFA7108
:104EB0001A46444B1978444B9954FB795A1CFA71A1
:104EC0001A46404B5978404B99543E4B5B881B0A1D
:104ED00099B2FB795A1CFA711A46C9B23A4B9954E5
:104EE000384B5988FB795A1CFA711A46C9B2364BAD
:104EF0009954344B9B881B0A99B2FB795A1CFA715E
:104F00001A46C9B2304B99542E4B9988FB795A1CDA
:104F1000FA711A46C9B22C4B99542A4BDB881B0AEA
:104F200099B2FB795A1CFA711A46C9B2264B9954A8
:104F3000244BD988FB795A1CFA711A46C9B2224B04
:104F4000995400233B600DE0FB795A1CFA71194615
:104F50001C4A3B68134408331A781B4B5A543B686D
:104F600001333B60174BDB881A463B689342EBDB0F
:104F7000FB799BB21946144800F03AFA03461A46E8
:104F8000104BA3F808210F4BB3F80811FB795A1CFA
:104F9000FA711A46C9B20C4B99540A4BB3F808314E
:104FA0001B0A99B2FB795A1CFA711A46C9B2064B10
:104FB0009954FB7919460448FFF760FC00BF083795
:104FC000BD4680BD441100203408002080B500AFEC
:104FD000FFF76CFC0346002B7BD0FFF77BFC0346FE
:104FE0001A46404B1A70404B1B78082B73D801A20D
:104FF00052F823F0195001082950010839500108CE
:105000005F500108D7500108D7500108D750010858
:10501000D750010891500108324B1A78334B1A705F
:10502000314B01221A705BE02E4B1A782F4B5A70CD
:105030002D4B02221A7053E02A4B1A782B4B9A7090
:105040002A4B9B78002B03D1274B00221A7047E094
:10505000274B00221A70244B03221A7040E0244B85
:105060001B785A1CD1B2224A117019461D4B1A786E
:105070001E4B0B44DA701D4B9A781D4B1B789A42DD
:105080002BD11B4B00221A70174B08221A7024E0F8
:10509000184B194A1A60174B1A68184B1B78591C81
:1050A000C8B21649087013440E4A12781A70134B8E
:1050B0001B78022B13D1114B00221A700B49104898
:1050C00000F0ECFD084B00221A700E4B00221A7003
:1050D00005E000BF04E000BF02E000BF00E000BF49
:1050E00000BF80BD6113002060130020501200201B
:1050F000621300206413002058130020681300205E
:10510000340900205A13002080B500AFFFF7CEFB12
:105110000346002B00F08B80FFF7DCFB03461A46AA
:10512000484B1A70484B1B78082B00F2828001A272
:1051300052F823F05951010869510108335201080E
:10514000335201087F510108B95101083352010857
:1051500033520108ED5101083A4B1A783B4B1A7053
:10516000394B01221A706BE0364B1A78374B5A7064
:10517000374B00221A70344B04221A7060E0354B12
:10518000354A1A60334B1A68314B1B78591CC8B228
:105190002F49087013442B4A12781A702C4B1B7835
:1051A000022B48D12A4B00221A702C4B00221A7075
:1051B000254B05221A703EE0294B2A4A1A60284BDB
:1051C0001A68264B1B78591CC8B22449087013442E
:1051D0001C4A12781A70214B1B78022B2DD11F4BC1
:1051E00000221A70184B08221A7026E01E4B1F4A24
:1051F0001A601D4B1A681E4B1B78591CC8B21C49FB
:10520000087013440F4A12781A70194B1B78022B3E
:1052100015D1174B00221A700C49164800F03EFDBC
:10522000094B00221A70144B00221A7007E000BFCD
:1052300006E000BF04E000BF02E000BF00E000BFE6
:1052400000BF80BD691300206013002050120020B1
:105250006A1300206C1300205212002070130020EB
:1052600074130020541200207813002058130020DB
:105270007C130020340900205A13002080B500AFB1
:10528000FFF714FB0346002B00F08B80FFF722FB97
:1052900003461A46484B1A70484B1B78082B00F2FD
:1052A000828001A252F823F0CD520108DD5201089C
:1052B000A7530108A7530108F35201082D53010811
:1052C000A7530108A7530108615301083A4B1A7804
:1052D0003B4B1A70394B01221A706BE0364B1A782F
:1052E000374B5A70374B00221A70344B04221A7015
:1052F00060E0354B354A1A60334B1A68314B1B78E6
:10530000591CC8B22F49087013442B4A12781A70DE
:105310002C4B1B78022B48D12A4B00221A702C4BA5
:1053200000221A70254B05221A703EE0294B2A4AAA
:105330001A60284B1A68264B1B78591CC8B224499E
:10534000087013441C4A12781A70214B1B78022BE8
:105350002DD11F4B00221A70184B08221A7026E01C
:105360001E4B1F4A1A601D4B1A681E4B1B78591C96
:10537000C8B21C49087013440F4A12781A70194BAE
:105380001B78022B15D1174B00221A700C491648B6
:1053900000F084FC094B00221A70144B00221A7092
:1053A00007E000BF06E000BF04E000BF02E000BF6E
:1053B00000E000BF00BF80BD7D130020601300200F
:1053C000501200207E130020801300205212002073
:1053D0008413002088130020541200208C13002016
:1053E0005813002090130020340900205A13002085
:1053F00080B487B000AF78600B467B807B687B61B0
:105400007B887B824FF6FF733B8211E07B695A1CDD
:105410007A611A783B8ADBB25340FB733B8A1B0AE2
:105420003B82FB7B084A32F813203B8A53403B8285
:105430007B8A5A1E7A82002BE8D13B8A18461C3799
:10544000BD4680BC704700BF948C010880B485B015
:1054500000AF154B9B69144A43F001039361124B53
:105460009B6903F00103BB60BB680F4BDB690E4A0D
:1054700043F08053D3610C4BDB6903F080537B60B6
:105480007B680A4B5B68FB60FB6823F0E063FB60B2
:10549000FB6843F00073FB60044AFB68536000BF85
:1054A0001437BD4680BC7047001002400000014028
:1054B00080B592B000AF78607B681B688C4A9342DD
:1054C00046D18C4B9B698B4A43F004039361894B13
:1054D0009B6903F004037B637B6B864B9B69854A66
:1054E00043F004039361834B9B6903F004033B6324
:1054F0003B6B804B9B697F4A43F4804393617D4BB8
:105500009B6903F48043FB62FB6A4FF40073BB6347
:105510000223FB6301233B6403237B6407F138030D
:1055200019467548F2F7CAFB4FF48063BB6300234A
:10553000FB6307F1380319466F48F2F7BFFB0122FE
:1055400000212520F1F77FFD2520F1F798FDCBE024
:105550007B681B68694A93423AD1664B9B69654AEE
:1055600043F004039361634B9B6903F00403BB6244
:10557000BB6A604B9B695F4A43F0040393615D4BD8
:105580009B6903F004037B627B6A5A4BDB69594ACF
:1055900043F40033D361574BDB6903F400333B62C0
:1055A0003B6A0423BB630223FB6301233B640323A5
:1055B0007B6407F1380319464F48F2F77FFB082355
:1055C000BB6307F1380319464B48F2F777FB8BE0D2
:1055D0007B681B684A4A93423CD1464B9B69454ACB
:1055E00043F008039361434B9B6903F00803FB619D
:1055F000FB69404B9B693F4A43F0080393613D4B75
:105600009B6903F00803BB61BB693A4BDB69394A0C
:1056100043F48023D361374BDB6903F480237B6140
:105620007B694FF48063BB630223FB6301233B640C
:1056300003237B6407F1380319463248F2F73EFB37
:105640004FF40063BB6307F1380319462D48F2F7A6
:1056500035FB49E07B681B682B4A934244D1254BBC
:105660009B69244A43F020039361224B9B6903F01A
:1056700020033B613B691F4B9B691E4A43F01003AB
:1056800093611C4B9B6903F01003FB60FB68194B93
:10569000DB69184A43F48013D361164BDB6903F4CA
:1056A0008013BB60BB684FF48053BB630223FB6372
:1056B00001233B6403237B6407F138031946134835
:1056C000F2F7FCFA0423BB630023FB6307F1380302
:1056D00019460F48F2F7F2FA022200213520F1F7BD
:1056E000B2FC3520F1F7CBFC00BF4837BD4680BD8A
:1056F0000038014000100240000801400044004012
:1057000000480040000C01400050004000100140E3
:105710000014014080B582B000AF78607B681B68E0
:10572000394A934219D1394BDB68384A43F48043F4
:10573000D360364BDB68354A23F48043D3604FF4A3
:1057400000713348F2F724FC4FF480613048F2F7DF
:105750001FFC2520F1F7A1FC52E07B681B682D4A55
:10576000934214D1294B1B69284A43F40033136137
:10577000264B1B69254A23F4003313610421244876
:10578000F2F706FC08212248F2F702FC38E07B68B9
:105790001B68214A934216D11C4B1B691B4A43F4D8
:1057A00080231361194B1B69184A23F4802313616A
:1057B0004FF480611948F2F7EBFB4FF40061174892
:1057C000F2F7E6FB1CE07B681B68154A934217D191
:1057D0000E4B1B690D4A43F4801313610B4B1B697D
:1057E0000A4A23F4801313614FF480510D48F2F7F5
:1057F000CFFB04210C48F2F7CBFB3520F1F74DFC31
:1058000000BF0837BD4680BD00380140001002408F
:10581000000801400044004000480040000C0140E6
:1058200000500040001001400014014080B584B0D9
:1058300000AF78600B4BDB690A4A43F00203D36187
:10584000084BDB6903F00203FB60FB6800220321C5
:105850001D20F1F7F8FB1D20F1F711FC00BF1037F8
:10586000BD4680BD0010024080B58AB000AF7860B0
:1058700007F1180300221A605A609A60DA607B68A8
:105880001B68334A93425FD1324B9B69314A43F4E0
:10589000007393612F4B9B6903F400737B617B69F9
:1058A0002C4B9B692B4A43F010039361294B9B6956
:1058B00003F010033B613B69264B9B69254A43F08B
:1058C00004039361234B9B6903F00403FB60FB68B3
:1058D0000723BB610323FB6107F1180319461E4828
:1058E000F2F7ECF9FF23BB610323FB6107F1180317
:1058F00019461A48F2F7E2F9194B1A4A1A60184B7E
:1059000000225A60164B00229A60154B8022DA6002
:10591000134B4FF400721A61114B4FF400625A613D
:105920000F4B20229A610E4B0022DA610C48F1F7EE
:10593000CFFB0346002B01D0FFF700F97B68084A34
:105940001A62074A7B68536200BF2837BD4680BD94
:1059500000240140001002400010014000080140F6
:10596000C43E00200800024080B58AB000AF7860D5
:105970007B681B68304A934259D1304B9B692F4A50
:1059800043F0080393612D4B9B6903F008037B618F
:105990007B692A4B9B69294A43F008039361274B93
:1059A0009B6903F008033B613B69244B9B69234AD5
:1059B00043F008039361214B9B6903F00803FB60EC
:1059C000FB681E4BDB691D4A43F48043D3611B4BCC
:1059D000DB6903F48043BB60BB684FF40053BB61D9
:1059E0000223FB6102233B6202237B6207F118035F
:1059F00019461348F2F762F94FF48043BB6107F18F
:105A0000180319460E48F2F759F94FF40043BB61E9
:105A100007F1180319460A48F2F750F94FF480537A
:105A2000BB6107F1180319460548F2F747F900BFB3
:105A30002837BD4680BD00BF00380040001002403E
:105A4000000C014080B58AB000AF78601E4B9B69A6
:105A50001D4A43F0080393611B4B9B6903F0080345
:105A60007B617B69184B9B69174A43F0080393617C
:105A7000154B9B6903F008033B613B69124BDB69E3
:105A8000114A43F40013D3610F4BDB6903F4001395
:105A9000FB60FB684023BB611223FB6101233B6277
:105AA00003237B6207F1180319460848F2F706F949
:105AB0008023BB6107F1180319460448F2F7FEF88A
:105AC00000BF2837BD4680BD00100240000C0140D9
:105AD00080B400AF00BFBD4680BC704780B400AF4B
:105AE000FEE780B400AFFEE780B400AFFEE780B40D
:105AF00000AFFEE780B400AF00BFBD4680BC70477A
:105B000080B400AF00BFBD4680BC704780B400AF1A
:105B100000BFBD4680BC704780B500AFF0F786FC83
:105B200000BF80BD80B500AF8020F2F715FB00BF3D
:105B300080BD000080B500AF0248F4F703FD00BF50
:105B400080BD00BF1849002080B500AF0248F5F7BE
:105B50004BF800BF80BD00BFD04B002080B500AF28
:105B60000248F5F741F800BF80BD00BF104C00208F
:105B700080B500AF0248F0F7A4FE00BF80BD00BFB3
:105B8000703E002080B500AF0248F1F7B9FC00BFBD
:105B900080BD00BFC43E002080B584B000AF7860F7
:105BA000114B1B68002B02D10F4B104A1A600E4B91
:105BB0001B68FB600C4B1A687B6813446A4693426F
:105BC00007D900F041F902460C2313604FF0FF3370
:105BD00006E0054B1A687B681344034A1360FB68B0
:105BE00018461037BD4680BD94130020584C002045
:105BF00080B400AF154B1B68144A43F001031360D7
:105C0000124B5A681149124B13404B600F4B1B68E3
:105C10000E4A23F0847323F4803313600B4B1B680C
:105C20000A4A23F480231360084B5B68074A23F475
:105C3000FE035360054B4FF41F029A60054B064A62
:105C40009A6000BFBD4680BC704700BF0010024094
:105C50000000FFF800ED00E00050000880B582B0C1
:105C600000AF78600B467B807B6800225A607B68BF
:105C700000221A607B6800229A607B687A88A3F809
:105C80000C287B680C334FF400620021184600F0AA
:105C900010F9012318460837BD4680BD80B584B091
:105CA00000AF786039603B68BB60786800F07EF8D0
:105CB0000346002B01D000231EE00023FB6013E00D
:105CC000BA68FB681A447B685B6811787A68134489
:105CD0000A461A737B685B680133C3F30A027B6868
:105CE0005A60FB680133FB607B68B3F80C381A46D6
:105CF000FB689342E4D3012318461037BD4680BDAC
:105D000080B485B000AF786039603B68BB60002329
:105D1000FB6012E07B681A68B968FB680B4479681D
:105D20000A44127B1A707B681B680133C3F30A02B2
:105D30007B681A60FB680133FB607B68B3F80C3842
:105D40001A46FB689342E5D3012318461437BD4633
:105D500080BC704780B483B000AF78607B685A68BD
:105D60007B681B689A420DD37B685A687B681B6806
:105D7000D31A7A68B2F80C2893422CBF012300236F
:105D8000DBB20EE07B685A687B681B68D31A03F5A8
:105D900000637A68B2F80C2893422CBF01230023D9
:105DA000DBB218460C37BD4680BC704780B485B066
:105DB00000AF78607B685A687B681B689A4208D39A
:105DC0007B681A687B685B68D31A03F50063FB6025
:105DD00005E07B681A687B685B68D31AFB607B68A8
:105DE000B3F80C381A46FB68934201D3002300E055
:105DF000012318461437BD4680BC70470C480D4936
:105E00000D4A002302E0D458C4500433C4188C4215
:105E1000F9D30A4A0A4C002301E013600432A2427B
:105E2000FBD3FFF7E5FE00F015F8FEF7C1FD704764
:105E300000000020CC04002020910108D0040020A4
:105E4000544C0020FEE70000014B1868704700BF6B
:105E5000F802002070B500250C4E0D4CA41BA410B8
:105E6000A54209D102F0DAF900250A4E0A4CA41B1A
:105E7000A410A54205D170BD56F8253098470135CC
:105E8000EEE756F8253098470135F2E718910108FA
:105E900018910108189101081C91010810B5431EC2
:105EA0000A44914200D110BD11F8014B03F8014F93
:105EB000F7E703460244934200D1704703F8011B01
:105EC000F9E7002B2DE9F0471E46BBBF03F1004365
:105ED0001E4600232D2388B0149FDDE9121A27F0F7
:105EE0002007462F1446109D0B7004D0452F00D17B
:105EF0000135022300E0032307AA049206AACDE994
:105F000002A2CDE900352246334600F00DFD472FB1
:105F1000804602D1119BDB0726D5462F08EB0509E9
:105F200011D198F80030302B0AD1002200232046EE
:105F30003146EFF7A5FD18B9C5F10105CAF80050C3
:105F4000DAF8003099440022002320463146EFF76A
:105F500097FD38B93022079B4B4505D2591C079154
:105F60001A70F8E7CDF81C904046079B159AA3EBF2
:105F70000803136008B0BDE8F087F7B50029B4BF87
:105F80002D232B230446B8BF4942092904F8022BCC
:105F9000437021DD0DF107031F460A2691FBF6F53C
:105FA00006FB1511092D01F1300103F8011C03F165
:105FB000FF32294609DC3031023B02F8011CBB42AA
:105FC000224604D3101A03B0F0BD1346E6E713F8D7
:105FD000012B04F8012BF2E7302319448370021DD2
:105FE000C170EFE72DE9F04F91B00C461A9F934630
:105FF0001E46054601F04CFA036818460993EFF770
:1060000013F900230E933B680A90073323F007032C
:1060100003F1080294F81880D4F800A03A60D3E99C
:106020000023C4E91223D4E9127929F000430B9329
:106030004FF0FF32A64B38460B99EFF753FD68BB84
:106040004FF0FF32A24B38460B99EFF72DFD28BBDE
:106050000022002338464946EFF71CFD10B12D23DE
:1060600084F843309B4F9C4BB8F1470F98BF1F46B5
:1060700003234FF0000923612AF0040323600096F4
:106080005B460FAA2146284600F0E2F9013040F0B5
:1060900090804FF0FF3011B0BDE8F08F3A464B468C
:1060A00038464946EFF71EFD10B18C4F8C4BDBE7AD
:1060B00063684AF48062591C0DA80EA940D10623DA
:1060C00063604FF0000C0DF13303CDE901236368E9
:1060D0002260CDE9030800933A464B46CDE9051C02
:1060E0002846FFF7EEFE08F0DF03472B074609D1ED
:1060F0000D9BD81C02DB6268934247DDA8F10208C1
:106100005FFA88F8B8F1650F0D9924D80139424635
:1061100004F150000D91FFF730FF0E9A81461318DD
:10612000012A236102DC2268D10701D501332361F2
:106130009DF83330002BA2D02D2384F843309EE706
:10614000B8F1670F00F06E81B8F1470FB9D1002B9D
:10615000B7D10123B4E7B8F1660F19D100296368FC
:106160000CDD216113B92268D20702D501330B443B
:1061700023610D9B4FF00009A365D9E713B922688D
:10618000D00701D50233F3E70123F1E74FF06708A9
:10619000DDE90D32934205DB22682361D107E8D5A2
:1061A0000133E5E7002BCCBF0123C3F10203134405
:1061B000DEE723685A0507D423693A46594628463C
:1061C000B047013029D164E7B8F1650F40F2D780BC
:1061D000D4E9120100220023EFF752FC88B3012317
:1061E000404A59462846B04701303FF452AFDDE9F6
:1061F0000D239A4202DB2368D8070ED5DDE9092377
:1062000059462846B04701303FF443AF002704F118
:106210001A080E9B013BBB4209DC23689F0700F173
:10622000FD80E0680F9B9842B8BF184633E7012312
:10623000424659462846B04701303FF42AAF01375D
:10624000E7E70D9B002B2BDC0123264A5946284605
:10625000B04701303FF41DAF0D9B23B90E9B13B91E
:106260002368D907D9D5DDE9092359462846B0471F
:1062700001303FF40EAF4FF0000804F11A090D9BF6
:106280005B42434501DC0E9B97E701234A46594692
:106290002846B04701303FF4FCAE08F10108EEE7B4
:1062A0000E9AA36D9A42A8BF1A46002A904607DDAF
:1062B000134659463A462846B04701303FF4E9AE06
:1062C00004F11A034FF0000A28EAE8780B9315E06E
:1062D000FFFFEF7FB08E0108AC8E0108B88E010879
:1062E000B48E0108BC8E010801230B9A594628463A
:1062F000B04701303FF4CDAE0AF1010AD4F858900E
:10630000A9EB08035345EFDCDDE90D239A424F4426
:1063100014DB2368DA0711D40E9B0D99A3EB090255
:10632000A3EB01099145A8BF9146B9F1000F0DDC1F
:10633000002729EAE97904F11A0818E0DDE90923C0
:1063400059462846B0470130E6D1A2E64B463A46C8
:1063500059462846B0470130EAD19AE60123424621
:1063600059462846B04701303FF493AE0137DDE986
:106370000D239B1AA3EB0903BB42EFDC4DE70E9AFA
:10638000012A01DCDB0738D501233A465946284665
:10639000B04701303FF47DAEDDE909235946284678
:1063A000B047013007F101073FF473AED4E91201A1
:1063B0000E9B002203F1FF380023EFF761FBC0B909
:1063C00043463A4659462846B04701300DD160E66B
:1063D0000123424659462846B04701303FF459AEA2
:1063E00001370E9B013BBB42F2DC4B4604F15002ED
:1063F000E4E6002704F11A08F3E70123E1E70123AB
:10640000424659462846B04701303FF442AE013774
:10641000E3680F9A9B1ABB42F1DC02E7002704F104
:106420001908F5E7002B3FF494AE4FF0000CCDE9CE
:10643000051C0DF133012260CDE90308CDE90121EE
:1064400000933A464B462846FFF73BFD07464FE68A
:106450002DE9F04791461F468A680B69064693422C
:10646000B8BF1346C9F8003091F843200C46DDF858
:10647000208012B10133C9F800302368990642BF69
:10648000D9F800300233C9F80030256815F0060548
:1064900007D104F1190AE368D9F800209B1AAB422E
:1064A00029DC94F843302268003318BF0123920698
:1064B0002ED404F1430239463046C047013021D082
:1064C0002368E56803F00603042B18BF0025D9F8FC
:1064D00000204FF0000908BFAD1AA368226908BF69
:1064E00025EAE5759342C4BF9B1AED181A344D4551
:1064F0001AD1002008E00123524639463046C047F1
:10650000013003D14FF0FF30BDE8F0870135C2E71D
:106510003020E11881F843005A1C94F845102244B9
:10652000023382F84310C4E701232246394630463D
:10653000C0470130E6D009F10109D8E72DE9F04361
:1065400001F1430C0C46097E85B06E2917460646BC
:1065500098460C9A00F0B38022D8632936D00AD826
:10656000002900F0B980582900F0838004F1420529
:1065700084F8421032E0642901D06929F6D12068FC
:106580001368050603F104012AD51B681160002B6E
:1065900003DA2D225B4284F843206F480A2239E057
:1065A000732900F09D8008D86F2920D07029DDD193
:1065B000236843F02003236003E0752917D078296E
:1065C000D4D17823654884F8453055E0136804F148
:1065D0004205191D1B68116084F8423001238CE0CC
:1065E0001B6810F0400F116018BF1BB2CFE7136893
:1065F0002568181D1060280601D51B6802E0680692
:10660000FBD51B886F2914BF0A220822524800219B
:1066100084F843106568002DA560C0F2958021685C
:1066200021F004012160002B3DD1002D40F08E802F
:106630006546082A0BD12368DB0708D52369626801
:106640009A42DEBF302305F8013C05F1FF35ACEB83
:1066500005032361CDF800803B4603AA214630465E
:10666000FFF7F6FE01304DD14FF0FF3005B0BDE829
:10667000F083394884F84510136821681D1D1B6894
:1066800015600A060BD5CA0744BF41F020012160FE
:106690001BB9226822F0200222601022B7E74D06C3
:1066A00048BF9BB2EFE76546B3FBF2F102FB113343
:1066B000C35C05F8013D0B460029F5D1B9E7136825
:1066C0002568181D6169106028061B6801D51960CE
:1066D00002E06A06FBD51980002365462361B9E70D
:1066E0001368191D11601D6862680021284600F0BA
:1066F000E5FE08B1401B606063682361002384F8F5
:106700004330A7E723692A4639463046C04701305F
:10671000AAD023689B0713D4E068039B9842B8BFB4
:106720001846A3E701234A4639463046C0470130A0
:106730009AD00135E368039A9B1AAB42F2DCEBE78F
:10674000002504F11909F5E7002BACD1037804F119
:10675000420584F842306CE7BE8E0108CF8E0108F6
:106760000CB430B5174B0C1E9DB01D6808DA8B2396
:106770004FF0FF302B601DB0BDE8304002B07047D5
:106780004FF40273ADF814300CBF234604F1FF330D
:10679000049307934FF6FF7302900690ADF81630FE
:1067A000209A21AB02A92846019301F07FFA431CED
:1067B000BCBF8B232B60002CDDD00022029B1A7003
:1067C000D9E700BFF80200200EB46FF0004100B519
:1067D0009CB01DAB029006900791049108480949AE
:1067E00053F8042B0591006802A9019301F05EFAA9
:1067F0000022029B1A701CB05DF804EB03B07047D6
:10680000F80200200802FFFF2DE9F74F03690C6929
:106810008046A342C0F28480013C01F1140700F1DC
:10682000140657F8245056F824000135B0FBF5F54E
:106830004FEA840C06EB0C0307EB0C0901939DB3A4
:106840004FF0000A3846B646D34650F8042B93B2B0
:1068500005FB03A3120C4FEA134A05FB02A29BB2ED
:10686000ABEB0303DEF800B04FEA124A1FFA8BFBD2
:106870005B441FFA82FBDEF800208145CBEB12421D
:1068800002EB23429BB243EA02434FEA224B4EF80B
:10689000043BDAD256F80C3033B9019B043B9E42DC
:1068A0001A4631D3C8F81040404601F029F80028B4
:1068B00026DB30464FF0000C013557F8041BD0F8AA
:1068C00000E08BB2ACEB03031FFA8EF213440A0C08
:1068D000C2EB1E4202EB23429BB243EA0243B9459C
:1068E0004FEA224C40F8043BE7D256F8242006EB4E
:1068F00084032AB9043B9E421A460BD3C8F81040C1
:10690000284603B0BDE8F08F1268043B002AC9D1C5
:10691000013CC4E71268043B002AEFD1013CEAE7DE
:106920000020EEE7000000002DE9F04F16461F465C
:10693000456A95B00446DDF88480CDE902673DB92B
:10694000102000F0B3FD6062C0E901550560C5602C
:10695000636A196851B15A68012393404A608B6099
:10696000204600F0EDFD0022636A1A603B1EAFBFB7
:106970000023012223F000430393ACBFC8F800308A
:10698000C8F80020AE4BDDF80C8033EA08031BD1B9
:1069900042F20F73209A1360029B23B9C8F31300CD
:1069A000002800F04585229B53B9A64B21E0A64B59
:1069B00006930833229A1360069815B0BDE8F08F4D
:1069C000A04B06930333F5E7DDE9026700220023BD
:1069D00030463946EFF754F8824660B10123209AD9
:1069E0001360229B002B00F02085984B229A1360A5
:1069F000013B0693E0E712AB019313AB00933246E1
:106A00003B46204600F0F4FFC8F30A558346002DAC
:106A10007DD0B046C7F3130343F07F5949F44019C2
:106A2000A5F2FF35CDF840A00022894B40464946EB
:106A3000EEF706FC7CA3D3E90023EEF7B9FD7CA3B7
:106A4000D3E90023EEF7FEFB064628460F46EEF795
:106A500045FD79A3D3E90023EEF7AAFD02460B46D4
:106A600030463946EEF7EEFB06460F46EFF750F894
:106A700000228246002330463946EFF70BF848B132
:106A80005046EEF72BFD32463B46EEF7F9FF08B9CC
:106A90000AF1FF3ABAF1160F5AD8DDE902236D491F
:106AA00001EBCA01D1E90001EFF712F8002851D03B
:106AB00000230AF1FF3A0D93129B5D1B6B1E079397
:106AC00043BF0023C5F1010907934FF00009BAF154
:106AD000000F41DB079BCDF830A053440793002300
:106AE00008931E9B092B00F28F80052BC4BF043B2B
:106AF0001E931E9BC8BF0025A3F10203D8BF01252A
:106B0000032B00F28D80DFE803F07B7D2F6FDDE942
:106B100012531D4405F23240202813DDC0F140001D
:106B2000029B08FA00F805F2124023FA00F048EA46
:106B30000000EEF7C3FC01238046A1F1F879013D86
:106B4000109371E7029BC0F1200003FA00F0F0E718
:106B50000123B0E70D90AFE7CAF1000308930023CB
:106B6000A9EB0A090C93BCE7012309931F9B002B97
:106B700074DD984604930022666A7260042202F172
:106B80001400984271686ED9204600F0A5FC636A33
:106B900030601B68B8F10E0F069300F2ED80002DF7
:106BA00000F0EA80DDE90223BAF1000FCDE90E23FF
:106BB00077DD284A0AF00F034FEA2A1602EBC303D7
:106BC000F006D3E90023CDE90A2368D5DDE90E01FB
:106BD000214B0325D3E90823EEF714FECDE902018A
:106BE00006F00F061C4F4FE0012309931F9B5344EF
:106BF00003F1010804934346012BB8BF0123BAE710
:106C00000023B2E70023F0E70125002309951E9336
:106C10004FF0FF3300220493984612231F92AAE7F5
:106C200001230993F4E700BF61436F63A787D23F55
:106C3000B3C8608B288AC63FFB799F501344D33F6B
:106C40000000F07FE98E0108E08E0108BD8E01088A
:106C50000000F83F188F0108F08E0108012304930B
:106C600098461A46DAE701317160520087E7F1076A
:106C700008D5DDE90A01D7E90023EEF799FCCDE953
:106C80000A01013576100837002EF0D1DDE90A231C
:106C9000DDE90201EEF7B6FDCDE902011BE00225B8
:106CA000A0E700F0A480DDE90E01CAF10006A04BC8
:106CB00006F00F0203EBC203D3E90023EEF778FCE2
:106CC00002250023CDE902019A4F3611002E40F033
:106CD0008380002BE0D10D9B002B00F08A80DDE942
:106CE0000223CDE90A23DDE90A010022924BEEF7E7
:106CF000D1FE00287DD0B8F1000F7AD0049B002B84
:106D000036DDDDE90A0100228C4BEEF751FCCDE9BE
:106D10000201049E0AF1FF3701352846EEF7DEFB3B
:106D2000DDE90223EEF744FC0022854BEEF78AFAF8
:106D3000A1F15075CDE90A010B95002E5CD1DDE97A
:106D4000020100227F4BEEF77BFA0A9A2B46CDE92F
:106D50000201EEF7BDFE002840F08182DDE902016C
:106D60000A9A05F10043EEF795FE002840F075827F
:106D7000DDE90E23CDE90223139B002BC0F24B81EA
:106D8000BAF10E0F00F34781694B03EBCA03D3E955
:106D90000023CDE904231F9B002B80F2D780B8F19C
:106DA000000F00F3D38040F05782DDE90401002298
:106DB000644BEEF7FDFBDDE90223EEF77FFE46466E
:106DC0004746002840F02D82069B069A5D1C312321
:106DD0000AF1010A137028E2F20705D5D7E900236A
:106DE000EEF7E6FB01230135761008376EE7022542
:106DF00071E75746464690E74D4B03EBC60353E910
:106E00000201099B002B48D002460B4600204E4948
:106E1000EEF7F8FCDDE90A23EEF712FACDE90A01F4
:106E2000069DDDE90201EEF773FE1190EEF756FBC9
:106E300002460B46DDE90201EEF702FA119BCDE9AD
:106E40000201303305F8013BDDE90A23EEF722FEAB
:106E5000002863D1DDE9022300203749EEF7F0F97D
:106E6000DDE90A23EEF716FE002840F0B580069B08
:106E7000EB1A9E427FF77CAFDDE90A0100222F4B1F
:106E8000EEF796FB0022CDE90A01DDE902012B4B6A
:106E9000EEF78EFBCDE90201C3E7DDE90A23EEF749
:106EA00087FB069BCDE90A019D191E46DDE902011B
:106EB000EEF72EFE1190EEF711FB02460B46DDE9D0
:106EC0000201EEF7BDF9119BCDE90201303306F85E
:106ED000013BAE424FF0000224D1DDE90A011A4B1A
:106EE000EEF7B0F902460B46DDE90201EEF7F0FDE0
:106EF000002871D1DDE90A2300201349EEF7A0F93B
:106F000002460B46DDE90201EEF7C4FD00283FF41E
:106F10002FAF15F8013C6A1E302B01D0BA464AE06B
:106F20001546F6E7054BEEF743FBCDE90201BDE759
:106F3000188F0108F08E01080000F03F0000244087
:106F400000001C40000014400000E03F069DDDE909
:106F50000267DDE9042330463946EEF753FCEEF7CD
:106F6000D7FD8146EEF7BAFADDE90423EEF720FB00
:106F700002460B4630463946EEF762F909F1300613
:106F800005F8016B069E0246AE1BB0450B4635D197
:106F9000EEF758F9DDE9042306460F46EEF798FDB3
:106FA000C8B9DDE9042330463946EEF769FD10B172
:106FB00019F0010F0FD15946204600F0C1FA002305
:106FC000209A2B700AF101031360229B002B3FF4DF
:106FD000F3AC1D60F0E4574615F8012C6B1E392AFE
:106FE00006D1069A9A4207D130231370134601370F
:106FF0001A7801321A7091E71D46EDE70022994B8D
:10700000EEF7D6FA0022002306460F46EEF738FDCB
:1070100000289ED0CFE7099A002A00F088801E9AA7
:10702000012A6DDC109A002A66D003F233434D46E4
:10703000089E079A01211A4420469944079200F0BD
:107040001FFB0746002D0BDD079B002B08DDAB4225
:10705000A8BF2B46079AA9EB0309ED1AD31A079389
:10706000089BEBB1099B002B65D08EB139463246A7
:10707000204600F0A3FB5A4601460746204600F092
:1070800008FB59460A90204600F05AFA0A9B9B4694
:10709000089B9A1B04D05946204600F08FFB83467C
:1070A0000121204600F0ECFA0C9B0646002B00F074
:1070B000C6811A460146204600F080FB1E9B06460C
:1070C000012B3EDC029B002B37D1039BC3F3130340
:1070D000002B34D1039B23F000431B0D1B052BB168
:1070E000079B09F1010901330793012308930C9BC6
:1070F000002B28D101202EE0129BC3F1360396E726
:10710000089B08F1FF36B342B7BF089B9E1BF21ADB
:107110000C9BBFBF08969B180C930026B8F1000F7C
:10712000B9BFA9EB080500234D46434681E7089EF9
:107130004D46099F86E7089AADE70023D6E7029BF4
:10714000D4E700230893336906EB8303186900F042
:1071500049FAC0F12000079B184410F01F0047D0E7
:10716000C0F12003042B3BDD079BC0F11C008144D0
:10717000054403440793B9F1000F05DD59464A461B
:10718000204600F069FB8346079B002B05DD314656
:107190001A46204600F060FB06460D9B53B331466D
:1071A000584600F0ADFB002824DA002359460A2295
:1071B000204600F0DCF9099B0AF1FF3A8346002BD8
:1071C00000F04481002339460A22204600F0CFF91E
:1071D000049B0746002B4DDC1E9B022B4ADD11E071
:1071E000C9D0079A1C331A4499441D441346C1E779
:1071F0000346F6E7B8F1000F36DC1E9B022B33DDA9
:10720000CDF81080049B63B931460522204600F07A
:10721000AEF901460646584600F072FB00283FF7DB
:10722000D3AD1F9B069D6FEA030A4FF0000931465C
:10723000204600F085F9002F3FF4BDAEB9F1000FF4
:1072400005D0B94503D04946204600F079F93946C2
:10725000204600F075F9AEE600263746E1E7BA466B
:107260003746B1E500002440099BCDF81080002B83
:1072700000F0F380002D05DD39462A46204600F057
:10728000EBFA0746089B002B4CD07968204600F0AB
:1072900023F905463A6907F10C01023292000C30DD
:1072A000FEF7FCFD01222946204600F0D5FAB9463A
:1072B0000746069B0793029B03F0010308933146A0
:1072C0005846FFF7A1FA4946054600F130085846EE
:1072D00000F016FB3A4602903146204600F02AFBA9
:1072E000C368024603BB01460990584600F008FBFC
:1072F0000346099A11462046099300F021F9099B9B
:10730000A3B91E9A92B9089A82B9B8F1390F29D057
:10731000029B002B01DD05F13108079B5D1C83F802
:10732000008084E73846C2E70123E3E7029A002A97
:1073300004DB23D11E9A0ABB089AFAB9002BECDDB4
:1073400059460122204600F087FA3146834600F074
:10735000D7FA002803DCE0D118F0010FDDD0B8F136
:10736000390FD8D1079B079A5D1C3923137015F884
:10737000013C6A1E392B4DD0013352E0079A002B95
:1073800002F1010506DDB8F1390FEBD008F1010873
:10739000079BC4E7069B049AEB1A934205F8018CFD
:1073A00021D0594600230A22204600F0E0F8B945D2
:1073B00083464FF000034FF00A024946204605D1AC
:1073C00000F0D5F881460746079578E700F0CFF83A
:1073D0003946814600230A22204600F0C8F80746B5
:1073E000F2E74FF0000959460122204600F034FA36
:1073F0003146834600F084FA0028B8DC02D118F048
:10740000010FB4D115F8013C6A1E302B7FF40FAF89
:107410001546F7E7069B934205D13123069A0AF1F8
:10742000010A137003E71546A1E7174BFFF7E1BA0E
:10743000229B002B7FF4BBAA144BFFF7DABA1E9BEA
:10744000012B7FF73FAE0C9B089353E6049B002B68
:1074500003DC1E9B022B3FF7D5AE069D31465846F6
:10746000FFF7D2F9069B00F1300805F8018B049A6A
:10747000EB1A9A42B5DD594600230A22204600F055
:1074800076F88346EAE700BFBC8E0108E08E01086B
:10749000044B1B68186A044B002808BF1846F030DC
:1074A000704700BFF80200205C030020024B014639
:1074B000186800F047BB00BFF802002010B5C9B241
:1074C00002449042034601D1002303E01C780130BE
:1074D0008C42F6D1184610BD70B5456A04460E467A
:1074E0003DB91020FFF7E2FF6062C0E90155056079
:1074F000C560656AEB6883B1636ADB6853F8260090
:10750000B8B9012101FA06F56A1D9200204600F083
:10751000BEFA60B1C0E901650EE0212204212046D7
:1075200000F0B5FA636AE860DB68002BE4D1002064
:1075300070BD026843F826200023C0E90333F7E753
:1075400070B5446A06460D463CB91020FFF7AEFF01
:107550007062C0E901440460C4603DB1736A6A6846
:10756000DB6853F82210296043F8225070BD2DE9E2
:10757000F0411F4606460C4600230D6901F1140C2C
:10758000DCF80000013381B202FB0171000C0F0C2A
:1075900002FB007089B201EB00419D424FEA1047A7
:1075A0004CF8041BECDCD7B1A368AB4212DC616879
:1075B00030460131FFF790FF8046226904F10C014B
:1075C000023292000C30FEF769FC21463046FFF78C
:1075D000B7FF444604EB850301355F612561204612
:1075E000BDE8F081020C12040346B2B90304102076
:1075F00013F07F4F04BF1B02083013F0704F04BF1D
:107600001B01043013F0404F04BF9B000230002BDD
:1076100006DB5B0003D5013070470020E8E720203F
:1076200070470368014613F007020BD0DA0723D432
:10763000980749BF5B089B0801200B605CBF0B608B
:107640000220704798B2A8B910201B0C13F0FF0F4E
:1076500004BF1B0A08301A0704BF1B0904309A072D
:1076600004BF9B080230DA0702D45B0806D0013061
:107670000B6070471046E9E70020704720207047F4
:1076800010B50C460121FFF727FF0122446102617A
:1076900010BD2DE9F74F14460A69236988469A42BE
:1076A000BEBF0B46A0461C46D8F81070D4F8109008
:1076B000D8F80830D8F8041007EB0906B342B8BF71
:1076C0000131FFF709FF00F114052B46002205EBFD
:1076D000860E734516D304F1140208F1140102EB6F
:1076E000890301EB87070093009B019293420CD81A
:1076F000002E03DD5EF8043D002B5DD0066103B073
:10770000BDE8F08F43F8042BE3E7B2F800B0BBF11B
:10771000000F23D08946AC464FF0000859F8044BBF
:10772000DCF800A0A3B21FFA8AFA0BFB03A34FEA0E
:10773000144ADCF8004043444FEA14480BFB0A8427
:10774000E24604EB13449BB243EA04434F454FEA3D
:1077500014484AF8043B2BD8CCF80480019B04322F
:10776000B3F802A0BAF1000F20D08946A8464FF026
:10777000000B2B68B9F800C0B8F802409BB20AFBB6
:107780000C44C4465C4443EA04434CF8043B59F8B7
:10779000043BB8F804B01B0C0AFB03B34F4503EBE2
:1077A00014434FEA134B05D8C8F8043004359BE75F
:1077B000D446B3E7E046DDE7013E99E72DE9F8431B
:1077C000154612F0030206460F4607D0214C013A37
:1077D000002354F82220FFF7CAFE0746AD1035D02B
:1077E000746A3CB91020FFF761FE7062C0E9014481
:1077F0000460C460D6F82480D8F808404CB940F240
:1078000071213046FFF73CFF00230446C8F808000A
:1078100003604FF00008EB070AD539462246304690
:10782000FFF737FF814639463046FFF789FE4F465E
:107830006D100BD0206838B9224621463046FFF73C
:1078400028FF2060C0F800800446E4E73846BDE821
:10785000F88300BFE08F01082DE9F0470C4607468A
:10786000164623694FEA621A0AEB03094968A368BE
:1078700009F10105AB4232DB3846FFF72DFE00234C
:1078800080461A4600F1140153452BDB20692AEA91
:10789000EA7A04F1140316F01F0201EB8A0103EBEC
:1078A000800C25D00020C2F1200E8A461E6896402A
:1078B00030434AF8040B53F8040B9C4520FA0EF0B1
:1078C00014D8486008B109F10205013D3846C8F8EE
:1078D00010502146FFF734FE4046BDE8F0870131E5
:1078E0005B00C7E741F823200133CDE75146DCE7D1
:1078F000043953F8042B9C4541F8042FF9D8E4E7E8
:1079000003690A6930B59B1A0CD192001430143106
:107910008418114454F8045D51F8042D954203D0A5
:1079200005D30123184630BDA042F3D3FAE74FF048
:10793000FF33F7E72DE9F0470D4607461146284685
:107940001446FFF7DDFF061E08D131463846FFF723
:10795000C3FD0123C0E90436BDE8F087A4BF234678
:107960002C4638466168A6BF1D4600260126FFF753
:10797000B3FD4FF0000EC6602B69266904F11402B6
:1079800005F1140902EB860709EB830800F11401E5
:1079900052F804AB59F8045B1FFA8AF37344ACB293
:1079A0001B1B2C0CC4EB1A4404EB23449BB24FEA80
:1079B000244EC84543EA0444944641F8044BE7D8B2
:1079C000BC4504D351F8043D83B10661C4E75CF8BB
:1079D000044BA2B27244131403EB144392B242EA72
:1079E00003424FEA234E41F8042BE9E7013EE9E761
:1079F0002DE9F3411C46DDE9086501219046FFF7BA
:107A00006BFDC4F31302C4F30A54074634BB01925E
:107A1000B8F1000227D002A840F8082DFFF701FEB8
:107A20000099F0B1019AC0F1200302FA03F30B436D
:107A3000C2407B610192019B002B14BF02210121F6
:107A4000BB613961C4B1A4F2334404443460C0F171
:107A500035002860384602B0BDE8F08142F480125B
:107A6000D5E77961E7E701A8FFF7DBFD0121019B7D
:107A700039617B612030E5E7A0F2324007EB8103FA
:107A800030601869FFF7AEFDC0EB4110E1E738B593
:107A900002FB01F4214600F055F8054618B12246D4
:107AA0000021FEF706FA284638BD000038B5054625
:107AB000002943D051F8043C0C1F002BB8BFE41838
:107AC00000F027FA1E4A1368104633B96360146049
:107AD0002846BDE8384000F01DBAA3420BD9216802
:107AE0006218934201BF1A685B6852182260636093
:107AF0000460EDE713465A680AB1A242FAD9196840
:107B00005818A0420BD120680144581882421960CD
:107B1000DED110685268014419605A60D8E702D972
:107B20000C232B60D4E7206821188A4201BF11681A
:107B300052680918216062605C60C9E738BD00BF07
:107B40009813002070B5CD1C25F0030508350C2DC9
:107B500038BF0C25002D064601DBA94203D90C23B2
:107B60003360002070BD00F0D4F9214A146821462A
:107B700091B9204C23681BB9304600F08FF9206082
:107B80002946304600F08AF9431C24D10C233046A4
:107B9000336000F0BFF9E4E70B685B1B18D40B2BD4
:107BA0000FD90B60CC18CD50304600F0B3F904F17A
:107BB0000B00231D20F00700C31AD3D05A42E25015
:107BC000D0E74B688C4216BF636013600C46EBE74E
:107BD0000C464968CCE7C41C24F00304A04205D03D
:107BE000211A304600F05AF90130CFD02560DBE78A
:107BF000981300209C1300202DE9F0478E688246E0
:107C00009E420C469046994637D88A8912F4906F66
:107C100031D00223256809696F1A656905EB4505AE
:107C200095FBF3F509F101033B449D4238BF1D4626
:107C3000530530D52946FFF785FF064650B90C237A
:107C40004FF0FF30CAF80030A38943F04003A3810E
:107C5000BDE8F0873A462169FEF720F9A38923F4AD
:107C6000906343F08003A38126613E4426604E4624
:107C70006561ED1BA5604E4500D94E463246414632
:107C8000206800F02DF9A36800209B1BA3602368E7
:107C90001E442660DCE72A4600F03DF9064600282F
:107CA000E2D121695046FFF701FFC8E72DE9F04F07
:107CB0001D468B899DB01F0680460C4616460FD583
:107CC0000B696BB94021FFF73DFF2060206128B9A7
:107CD0000C23C8F800304FF0FF30C8E04023636148
:107CE0000023099320238DF8293030234FF0010B16
:107CF0008DF82A30039537463D4615F8013B0BB108
:107D0000252B3ED1B7EB060A0BD05346324621460F
:107D10004046FFF771FF013000F0A480099B5344F7
:107D200009933B78002B00F09D8000234FF0FF3239
:107D3000CDE90523049307938DF853301A932F460A
:107D4000052217F8011B5048FFF7B8FB049BD0B978
:107D5000D90644BF20228DF853201A0744BF2B2296
:107D60008DF853202A782A2A15D02F4600200A257C
:107D7000079A394611F8013B303B092B4DD9B8B170
:107D80000FE02F46B8E7404A3D46801A0BFA00F054
:107D900018430490D3E7039A111D12680391002A37
:107DA00001DB079204E0524243F00203079204937E
:107DB0003B782E2B0CD17B782A2B33D1039B0237B7
:107DC0001A1D1B680392002BB8BF4FF0FF330593B9
:107DD0002E4D032239782846FFF770FB38B1402337
:107DE000401B03FA00F0049B0137034304933978E6
:107DF000062227487E1C8DF82810FFF75FFB00281D
:107E000038D0244B13BB039B073323F007030833FD
:107E10000393099B4B4409936DE705FB0232012054
:107E20000F46A6E700230A25194601370593384671
:107E300010F8012B303A092A03D9002BC8D005913C
:107E4000C6E705FB012101230746F0E703AB0093DA
:107E50002246114B04A94046FEF7C4F8B0F1FF3F9B
:107E60008146D6D1A3895B063FF535AF09981DB091
:107E7000BDE8F08F03AB00932246074B04A94046B0
:107E8000FEF75CFBEAE700BFEC8F0108F28F010808
:107E9000F68F0108E55F0108F97B010838B500237A
:107EA000054C054608462360FDF776FE431C02D1CB
:107EB000236803B12B6038BD504C002082B001B95B
:107EC00001A942B14BB113780B601278101C18BF96
:107ED000012002B070471046FBE76FF00100F8E7A1
:107EE000884210B501EB020307D8421E99420AD01E
:107EF00011F8014B02F8014FF8E78342F5D98118D8
:107F0000D21AD34200D110BD13F8014D01F8014D32
:107F1000F7E770477047F8B5074614460E4621B993
:107F2000BDE8F8401146FFF70DBE22B9FFF7BEFDD0
:107F300025462846F8BD00F021F8A0420FD2214680
:107F40003846FFF7FFFD05460028F2D031462246AD
:107F5000FDF7A4FF31463846FFF7A8FDE9E73546AF
:107F6000E7E749B1FF2A8BBF8A230A70036001202B
:107F700088BF4FF0FF3070470846704751F8043C07
:107F8000181F002BBCBF0B58C0187047F8B5C1F3C1
:107F90000A57A7F2FF34132C06460D460B468C46B3
:107FA000024617DC002C09DA013401F0004303D14A
:107FB00043F07F5343F44013002228E01549214148
:107FC0000D4200D178B14FF400232341634423EAEA
:107FD0000103F1E7332C09DDB4F5806F03D1EDF730
:107FE00031F906460D4630462946F8BD4FF0FF30C0
:107FF000A7F21347F8400642F5D00121C4F133043B
:1080000001FA04F4321928BF5B1822EA000219466B
:108010001046E6E7FFFF0F002DE9F04F8BB0044656
:108020000D4600F04DF8244B804693F900A0894698
:10803000BAF1FF3F2BD022462B4620462946EDF7CA
:1080400051FD834618BB0026002732463B4620469A
:108050002946EDF71FFDD0B101230093174BCDF852
:1080600020B00193CDE90445CDE90245BAF1000FF6
:1080700012D1CDE90667684600F0CEF8B8B1089B8A
:108080001BB1FDF7E1FE089B0360DDE90689404670
:1080900049460BB0BDE8F08F32463B463046394684
:1080A000EDF7B0FBBAF1020FCDE90601E3D1FDF720
:1080B000CBFE21230360E2E7C804002008910108F9
:1080C000544B2DE9F0418B4306460D460A460C46BB
:1080D0000FD102460B46EDF76BFA02460B463046CF
:1080E0002946EDF7AFF806460D4630462946BDE86D
:1080F000F0810029074603460EDC21F0004C5CEAC3
:108100000707F2D041B102460B46EDF799F8024657
:108110000B46EDF777FBE6E7121574D0A2F2FF32BB
:10812000D5074FF00005C4F3130448BFD90F44F43A
:10813000801444BF5B0001EB44045110DA0F02EBE2
:108140004404284616224FF400165B008719A74204
:10815000DEBFB819E41BAD19DF0F013A07EB440489
:108160004FEA43034FEA5606F0D14FF0200C9646F3
:108170004FF00046844206EB0E0702DC12D19F420C
:1081800010D8002F07EB060E42DABEF1000F3FDBDE
:1081900000F10108241A40469F4288BF04F1FF34D1
:1081A000DB1B32446400BCF1010C04EBD3744FEAD6
:1081B00056064FEA4303DDD1234306D0541C0BBFC0
:1081C00062460132013522F001026B105208E807C5
:1081D00003F17F5303F5001348BF42F0004203EB65
:1081E0000155164681E7DC0A15395B05002CFAD0EB
:1081F000E6020AD5C2F1200023FA00F0551E934092
:1082000004434A1B8AE71146F0E764000132EFE7B6
:108210008046BFE70000F07F00207047F8B500BF40
:10822000F8BC08BC9E467047F8B500BFF8BC08BC57
:048230009E467047AF
:1082380002030405060708090A0B0C0D0E0F10109F
:10824800010200004C6576656C206F75740D0A009C
:108258004144435F5245504F52545F504F57455227
:108268005F444154410D00004D41585F4E554D4209
:1082780045525F4F465F4144435F53544154455311
:108288000D0000007374617475733D25640D0A0058
:1082980025662C25662C25662C25662C25662C251E
:1082A8006600000049735F52657365745F4D6F64C3
:1082B800756C655F53696D0D0A0000004A756D7035
:1082C8005F546F5F466F74615F4669726D77617264
:1082D80065000000426F782049443A202564000078
:1082E8002020202020202020202020202020202086
:1082F8000000000045626F6F737420256C640000F5
:10830800554152545F494E4954202D20446F6E65A3
:10831800200D0A004C45445F444953504C41595F75
:10832800494E4954202D20446F6E65200D0A0000E7
:1083380052454C41595F494E4954202D20446F6E97
:1083480065200D0A00000000464C4153485F494E25
:108358004954202D20446F6E65200D0A000000004E
:1083680054494D45525F494E4954202D20446F6E63
:1083780065200D0A000000005350495F494E4954DA
:10838800202D20446F6E65200D0A00005350495F70
:1083980032354C435858585F494E4954202D204493
:1083A8006F6E65200D0A00004932435F496E69749B
:1083B800200D0A004932435F496E6974202D20441C
:1083C8006F6E65200D0A0000504F5745525F5345A8
:1083D8005455505F494E4954202D20446F6E6520F6
:1083E8000D0A000053494D5F33475F494E495420F9
:1083F8002D20446F6E65200D0A0000004144435F44
:10840800494E4954202D20446F6E65200D0A000006
:1084180053544152545F444D415F414443202D2001
:10842800446F6E65200D0A0057415443485F444F1E
:10843800475F494E4954202D20446F6E65200D0A30
:108448000000000053454E445F534D535F494E4969
:1084580054202D20446F6E65200D0A00626F784904
:1084680044203D2025640D0A000000005363616E1E
:1084780020493243000000002E0000002564090056
:10848800636F756E743A202564000000693A2564AC
:108498000920733A25640920653A256C7509206C12
:1084A8003A256C7509200D0A0000000053595354F1
:1084B800454D5F4F5645525F43555252454E540005
:1084C8004E4F44455F4E4F524D414C3D25640D0A79
:1084D800000000004E4F44455F52454144593D2538
:1084E800640D0A004348415247494E473D25640DF3
:1084F8000A00000043484152474546554C4C3D252B
:10850800640D0A00554E504C55473D25640D0A0030
:108518004E4F5F504F5745523D25640D0A000000ED
:108528004E4F5F465553453D25640D0A0000000037
:108538004E4F5F52454C41593D25640D0A000000DD
:108548004E4F44455F4F5645525F43555252454E34
:10855800543D25640D0A0000544F54414C5F4F565A
:1085680045525F4355525252454E543D25640D0ABB
:10857800000000004E4F44455F4F5645525F4D4F37
:108588004E45593D25640D0A0000000052454C41F6
:10859800595F42524F4B454E3D25640D0A0000007D
:1085A8007468726573686F6C64203D2025640D0AD9
:1085B8000000000074656D70446566666572656EDE
:1085C8006365203D2025640D0A00000072656C611A
:1085D80079496E646578203D2025640D0A00000005
:1085E800566F6C746167650043757272656E7400CE
:1085F80041637469766520506F77657200000000EA
:10860800506F77657220466163746F7200000000D6
:108618004672657175656E6379000000546F746108
:108628006C2041637469766520506F77657200002D
:108638004368616E67652061646472657373207452
:108648006F20307825780D0A000000004D6F6462B5
:1086580075732074696D656F757420666F7220720A
:10866800656365697665202D3E2054727920746FA4
:10867800206F7468657220616464726573730D0A93
:1086880000000000466C6F6174206461746120739F
:10869800697A6520696E76616C69640D0A0000006C
:1086A8005455524E5F4F46465F5044550D0A0000E0
:1086B80053454E44494E475F434F4D4D414E440D3F
:1086C8000A000000574149545F464F525F524541E6
:1086D80044595F5448454E5F53454E445F434F4E9F
:1086E80054454E540D0A00005455524E5F4F4E5F8C
:1086F8005044550D0A000000444F4E455F53454E07
:1087080044494E475F534D535F4D45535341474589
:108718000D0A000041540D004F4B0D0041544531E6
:108728000D00000041542B4353510D0A0000000076
:1087380041542B435245473F0D0A000041542B43F7
:108748005053493F0D0A000041542B4347524547B7
:108758003F0D000041542B4950414444520D000044
:1087680041542B4353510D0041542B435245473D2F
:10877800310D000041542B43474154543F0D000034
:1087880041542B43474154543D310D0041542B4330
:1087980047444154413D3F0D0000000041542B43E4
:1087A8004750414444523D3F0D00000041542B4383
:1087B8004750414444523D310D00000041542B4381
:1087C80047434C4153533D3F0D00000041542B4358
:1087D8004744434F4E543D312C224950222C227697
:1087E8002D696E7465726E6574220D0041542B43B9
:1087F80047534F434B434F4E543D312C224950224F
:108808002C22636D6574220D0000000041542B4337
:10881800534F434B534554504E3D310D000000001B
:1088280041542B4349504D4F44453D300D00000005
:1088380041542B4E45544F50454E0D004348454337
:108848004B5F53494D33475F53544152545F555022
:108858000D0A0000574149545F464F525F53494D36
:1088680033475F535441525455505F524553504F0C
:108878004E53450D0A000000504F5745525F4F4E6A
:108888005F53494D33470D0A0000000057414954D2
:108898005F464F525F53494D33475F504F574552DC
:1088A8005F4F4E0D0A000000504F5745525F4F462C
:1088B800465F53494D33470D0A000000574149545C
:1088C8005F464F525F53494D33475F504F574552AC
:1088D8005F4F46460D0A000052455345545F5349C1
:1088E8004D33470D0A000000574149545F464F5227
:1088F8005F53494D33475F52455345540D0A0000B5
:1089080041540D0A0000000073696D33675F436FBF
:108918006D6D616E645F54696D656F7574466C61E9
:1089280067203D20313B0D0A00000000534D5F5782
:108938006169745F466F725F53696D33675F536532
:108948007474696E675F526573706F6E7365202DFE
:108958002073696D33675F52657472795F436F7511
:108968006E7465720D0A0000534D5F576169745F3C
:10897800466F725F53696D33675F53657474696ED0
:10898800675F526573706F6E7365202D2069735F22
:1089980053696D33675F436F6D6D616E645F5469D2
:1089A8006D656F75740D0A00534D5F576169745F8B
:1089B800466F725F53696D33675F53657474696E90
:1089C800675F526573706F6E7365202D20697349F8
:1089D80050436C6F7365466C61670D0A00000000B8
:1089E8005550444154455F4649524D574152450000
:1089F80053454E445F534D535F4D4553534147458F
:108A08000000000053494D5F4E4F545F494E534597
:108A1800525400004D51545420434F4E4E45435438
:108A28004544210D0A00000053746172742070726D
:108A38006F6772616D200D0A0000000045626F7853
:108A48002056657273696F6E3A2025640D0A00001E
:108A5800693A202564200D0A00000000202020200B
:108A680020202020202020202020202020202020FE
:108A7800202020202020202020202020000000006E
:108A88004D4F44425553207265636569766520747D
:108A9800696D656F75740D0A00000000362E302E62
:108AA800322D000041542B434D47463D300D000008
:108AB80041542B434D47463D310D000041542B4353
:108AC8004D47533D222B3834333436373032353521
:108AD80039220D00414C495645202D200000000048
:108AE800424F4F542D2000004C6F737420636F6EFB
:108AF8006E656374696F6E202D000000504220443B
:108B08004F4E450D000000002B5354494E3A203279
:108B1800350D0000434F4E4E454354203131353218
:108B280030300D004F4B0D004552524F520D000092
:108B380053656E64206F6B0D00000000524543566C
:108B48002046524F4D0000002B4950434C4F53458F
:108B5800000000002B43495053454E4400000000DC
:108B68002B434D45204552524F523A2053494D20F0
:108B78006E6F7420696E7365727465640D00000011
:108B88002B4349504F50454E000000001C870108F8
:108B980020870108248701082087010868870108C1
:108BA8002087010870870108208701087C87010851
:108BB8002087010888870108208701089487010811
:108BC80020870108A487010820870108B4870108C5
:108BD80020870108C487010820870108D487010875
:108BE80020870108F48701082087010814880108F4
:108BF800208701082888010820870108388801088B
:108C0800208701085C8701082087010841542B430D
:108C18004950434C4F53450D0A000000302D302C6D
:108C2800312D302C322D302C332D302C342D302C4E
:108C3800352D302C362D302C372D302C382D302C2E
:108C4800392D302C31302D350000000041542B4394
:108C580049504F50454E3D302C22544350222C222F
:108C680033352E3234302E3135382E32222C3838E6
:108C780038330D0065626F6F73742D6B320000001E
:108C88005A62487A50623557000000000000C1C09F
:108C980081C1400101C3C003800241C201C6C006B0
:108CA800800741C70005C1C581C4400401CCC00C80
:108CB800800D41CD000FC1CF81CE400E000AC1CA40
:108CC80081CB400B01C9C009800841C801D8C01830
:108CD800801941D9001BC1DB81DA401A001EC1DEB0
:108CE80081DF401F01DDC01D801C41DC0014C1D4A0
:108CF80081D5401501D7C017801641D601D2C012C0
:108D0800801341D30011C1D181D0401001F0C0308F
:108D1800803141F10033C1F381F240320036C1F6AF
:108D280081F7403701F5C035803441F4003CC1FC7F
:108D380081FD403D01FFC03F803E41FE01FAC03A3F
:108D4800803B41FB0039C1F981F840380028C1E86F
:108D580081E9402901EBC02B802A41EA01EEC02EAF
:108D6800802F41EF002DC1ED81EC402C01E4C0249F
:108D7800802541E50027C1E781E640260022C1E2BF
:108D880081E3402301E1C021802041E001A0C060CF
:108D9800806141A10063C1A381A240620066C1A6AF
:108DA80081A7406701A5C065806441A4006CC1AC7F
:108DB80081AD406D01AFC06F806E41AE01AAC06A3F
:108DC800806B41AB0069C1A981A840680078C1B82F
:108DD80081B9407901BBC07B807A41BA01BEC07EAF
:108DE800807F41BF007DC1BD81BC407C01B4C0749F
:108DF800807541B50077C1B781B640760072C1B2BF
:108E080081B3407301B1C071807041B00050C1900E
:108E1800819140510193C053805241920196C056AE
:108E2800805741970055C19581944054019CC05C7E
:108E3800805D419D005FC19F819E405E005AC19A3E
:108E4800819B405B0199C059805841980188C0486E
:108E580080494189004BC18B818A404A004EC18EAE
:108E6800818F404F018DC04D804C418C0044C1849E
:108E7800818540450187C047804641860182C042BE
:108E8800804341830041C18181804040000000004F
:108E980000000000010203040607080900000000A2
:108EA80001020304494E4600696E66004E414E00B9
:108EB8006E616E0030003031323334353637383930
:108EC8004142434445460030313233343536373831
:108ED8003961626364656600496E66696E697479B2
:108EE800004E614E000000000080E03779C3414326
:108EF800176E05B5B5B89346F5F93FE9034F384DF8
:108F0800321D30F94877825A3CBF737FDD4F1575A3
:108F1800000000000000F03F0000000000002440B6
:108F280000000000000059400000000000408F4091
:108F3800000000000088C34000000000006AF840FC
:108F48000000000080842E4100000000D012634120
:108F58000000000084D797410000000065CDCD4196
:108F6800000000205FA00242000000E87648374277
:108F7800000000A2941A6D42000040E59C30A24215
:108F88000000901EC4BCD64200003426F56B0C438A
:108F98000080E03779C3414300A0D8855734764331
:108FA80000C84E676DC1AB43003D9160E458E14392
:108FB800408CB5781DAF154450EFE2D6E41A4B4407
:108FC80092D54D06CFF08044F64AE1C7022DB5444C
:108FD800B49DD9794378EA440500000019000000DF
:108FE8007D000000232D302B2000686C4C00656646
:108FF80067454647004300504F534958002E00002C
:109008002020202020202020202828282828202030
:109018002020202020202020202020202020202048
:1090280088101010101010101010101010101010C0
:1090380004040404040404040404101010101010A0
:109048001041414141414101010101010101010179
:1090580001010101010101010101011010101010AD
:10906800104242424242420202020202020202024A
:109078000202020202020202020202101010102072
:1090880000000000000000000000000000000000D8
:1090980000000000000000000000000000000000C8
:1090A80000000000000000000000000000000000B8
:1090B80000000000000000000000000000000000A8
:1090C8000000000000000000000000000000000098
:1090D8000000000000000000000000000000000088
:1090E8000000000000000000000000000000000078
:1090F8000000000000000000000000000000000068
:08910800737172740000000095
:08911000BCCFFE7F010000004E
:049118000D520008EC
:04911C00E95100080D
:10912000100000000100000020202020202020202E
:10913000202020202020202020202020202020202F
:10914000202020202020202020202020200000007F
:109150000002010304050706080900002020202062
:1091600020202020202020202020202020202020FF
:10917000202020202020200020202020202020200F
:1091800020202020202020202020202020202020DF
:10919000202020202020202020202020202000000F
:1091A00000000000E8850108000000000100060042
:1091B000F08501080000000002000C00F88501089D
:1091C0000000000003001E000886010800000000E7
:1091D0000400460018860108000000000500560142
:1091E00024860108000000000104000002000000C5
:1091F000000000000000000000000000000000006F
:10920000000000000000000000000000000000005E
:10921000000000000000000000000000000000004E
:10922000000000000000000000000000000000003E
:10923000000000000000000000000000000000002E
:10924000000000000000000000000000000000001E
:10925000000000000000000000000000000000000E
:1092600000000000000000000000000000000000FE
:1092700000000000000000000000000000000000EE
:1092800000000000000000000000000000000000DE
:1092900000000000000000000000000000000000CE
:1092A00000000000000000000000000000000000BE
:1092B00000000000000000000000000000000000AE
:1092C000000000000000000000000000000000009E
:1092D000000000000000000000000000000000008E
:1092E000000000000000000000000000000000007E
:1092F000000001060100000000080010000100024B
:109300000080080010000100000801400008014032
:10931000000C0140000C014000080140000C01401D
:10932000000C0140000C0140010407000000000097
:10933000351B0108010000007D1B01080200000030
:10934000F51B0108030000003D1C0108040000009B
:10935000991B010805000000D91B01080600000048
:109360009D1C010807000000D91C0108080000002E
:109370006D1D010809000000E11D01080A00000040
:10938000391E0108020B000000000000B53401087E
:1093900001000000FD3401080200000075350108DD
:1093A00003000000C935010804000000313601083F
:1093B000050000008D360108060000002137010875
:1093C00007000000E937010808000000C93801085B
:1093D00009000000193901080A000000B939010824
:1093E0000B000000C93A01080C000000093B01080D
:1093F0000D000000693B01080E000000353A01082D
:109400000F000000793A01081000000085380108BB
:10941000110100000024F400FC0200200000000004
:10942000000000000000000000000000000000003C
:10943000000000000000000000000000000000002C
:10944000000000000000000000000000000000001C
:10945000000000000000000000000000000000000C
:1094600000000000000000000000000000000000FC
:1094700000000000000000000000000043000000A9
:1094800000000000000000000000000000000000DC
:109490000000000000000000000000004300000089
:1094A00000000000000000000000000000000000BC
:1094B0000000000000000000000000004300000069
:1094C000000000000000000000000000000000009C
:1094D0000000000000000000000000004300000049
:1094E000000000000000000000000000000000007C
:1094F0000000000000000000000000004300000029
:10950000000000000000000000000000000000005B
:109510000000000000000000000000004300000008
:10952000000000000000000000000000000000003B
:1095300000000000000000000000000043000000E8
:10954000000000000000000000000000000000001B
:10955000000000000000000000000000637F010820
:10956000BD7E010800000000079001080590010879
:10957000F18F0108F18F0108F18F0108F18F0108C7
:10958000F18F0108F18F0108F18F0108F18F0108B7
:10959000F18F0108FFFFFFFFFFFFFFFFFFFFFFFF4E
:1095A000FFFF000001004153434949000000000053
:1095B00000000000000000000000000000000000AB
:1095C0000000000000004153434949000000000032
:1095D000000000000000000000000000000000008B
:0C95E0000000000000000000010000007E
:0400000508015DFD94
:00000001FF
